0 0 -1.500000e-01 0 1 65 1.664900e+01 4.640000e+00 2167 -3.612800e+03 0
-7.202900e-02 1.117300e-01 -1.593800e-01 0 5 65 1.526000e+01 4.640000e+00 -3.170400e+03 7.845800e+03 0
-1.585200e-01 1.860100e-01 -1.656100e-01 0 8 65 1.440400e+01 4.640000e+00 -1.096500e+03 2.952400e+03 0
-2.008100e-01 1.927200e-01 -1.661700e-01 0 9 65 1.392300e+01 4.640000e+00 -1.195200e+03 2.787100e+03 0
-2.480100e-01 1.869500e-01 -1.656900e-01 0 10 65 1.373900e+01 4.640000e+00 -1.508400e+03 2.868300e+03 0
-2.619200e-01 2.225200e-01 -1.686700e-01 0 11 65 1.316000e+01 4.640000e+00 -1.059900e+03 2.305400e+03 0
-2.851200e-01 2.369900e-01 -1.698900e-01 0 12 65 1.272600e+01 4.640000e+00 -9.904400e+02 2.137800e+03 0
-3.044900e-01 2.822900e-01 -1.736900e-01 0 13 65 1.192400e+01 4.640000e+00 -6.925800e+02 1.774800e+03 0
-3.050300e-01 3.153900e-01 -1.764700e-01 0 14 65 1.148100e+01 4.640000e+00 -5.113900e+02 1.595500e+03 0
-1.222300e-01 3.569100e-01 -1.799500e-01 0 15 65 1.142300e+01 4.640000e+00 4.284700e+01 1.451100e+03 0
3.536000e-01 3.651200e-01 -1.806400e-01 0 28 65 1.317700e+01 4.640000e+00 1.109700e+03 1.483700e+03 0
6.799100e-01 6.401300e-01 -2.037200e-01 0 29 65 1.471700e+01 4.640000e+00 1.290100e+03 9.646200e+02 0
6.725500e-01 7.378500e-01 -2.119100e-01 0 30 65 1.564800e+01 4.640000e+00 1.191700e+03 8.803400e+02 0
6.793700e-01 7.975000e-01 -2.169200e-01 0 31 65 1.580400e+01 4.640000e+00 1.155700e+03 8.407300e+02 0
6.766400e-01 8.309800e-01 -2.197300e-01 0 32 65 1.526200e+01 4.640000e+00 1.132200e+03 8.211700e+02 0
6.722700e-01 8.764500e-01 -2.235400e-01 0 33 65 1.374300e+01 4.640000e+00 1.103100e+03 7.972900e+02 0
6.957400e-01 9.120600e-01 -2.265300e-01 0 35 65 1.087900e+01 4.640000e+00 1.103900e+03 7.809300e+02 0
-8.116900e-01 9.014900e-01 -2.256500e-01 0 36 65 1.163900e+01 4.640000e+00 -3.810700e+01 7.598200e+02 0
-8.348900e-01 8.870200e-01 -2.244300e-01 0 37 65 1.211800e+01 4.640000e+00 -6.758100e+01 7.654000e+02 0
-8.681700e-01 8.516600e-01 -2.214600e-01 0 38 65 1.174700e+01 4.640000e+00 -1.261800e+02 7.802700e+02 0
0 0 -1.500000e-01 3.204100e-02 1 66 1.562600e+01 4.640000e+00 2167 -3.612800e+03 0
-7.202900e-02 1.120300e-01 -1.594000e-01 3.204100e-02 5 66 1.425200e+01 4.640000e+00 -3.141900e+03 7.790900e+03 0
-1.604300e-01 1.842100e-01 -1.654600e-01 3.204100e-02 8 66 1.337900e+01 4.640000e+00 -1.133900e+03 2.990500e+03 0
-2.008100e-01 1.930200e-01 -1.662000e-01 3.204100e-02 9 66 1.292900e+01 4.640000e+00 -1.190600e+03 2.781400e+03 0
-2.480100e-01 1.871400e-01 -1.657000e-01 3.204100e-02 10 66 1.275500e+01 4.640000e+00 -1.504800e+03 2.864300e+03 0
-2.619200e-01 2.228300e-01 -1.687000e-01 3.204100e-02 11 66 1.220900e+01 4.640000e+00 -1.056500e+03 2.301700e+03 0
-2.821100e-01 2.412300e-01 -1.702400e-01 3.204100e-02 12 66 1.169300e+01 4.640000e+00 -9.401800e+02 2.097400e+03 0
-3.012100e-01 2.865000e-01 -1.740400e-01 3.204100e-02 13 66 1.083300e+01 4.640000e+00 -6.576400e+02 1.749800e+03 0
-3.192200e-01 3.120600e-01 -1.761900e-01 3.204100e-02 14 66 1.052000e+01 4.640000e+00 -5.615400e+02 1609 0
-1.260500e-01 2.428400e-01 -1.703800e-01 3.204100e-02 15 66 1.047900e+01 4.640000e+00 -4.001700e+02 2.134700e+03 0
3.536000e-01 4.124100e-01 -1.846100e-01 3.204100e-02 28 66 1.215300e+01 4.640000e+00 1.049500e+03 1.328600e+03 0
6.799100e-01 6.375500e-01 -2.035000e-01 3.204100e-02 29 66 1.369400e+01 4.640000e+00 1.292900e+03 9.672600e+02 0
6.725500e-01 7.361300e-01 -2.117700e-01 3.204100e-02 30 66 1.462700e+01 4.640000e+00 1.193100e+03 8.815900e+02 0
6.711800e-01 8.044800e-01 -2.175100e-01 3.204100e-02 31 66 1.477800e+01 4.640000e+00 1.143600e+03 8.363300e+02 0
6.766400e-01 8.331000e-01 -2.199100e-01 3.204100e-02 32 66 1.423100e+01 4.640000e+00 1131 820 0
6.722700e-01 8.784900e-01 -2.237200e-01 3.204100e-02 33 66 1.269800e+01 4.640000e+00 1102 7.962900e+02 0
7.328400e-01 9.150000e-01 -2.267800e-01 3.204100e-02 35 66 1.009600e+01 4.640000e+00 1132 7.802700e+02 0
-8.021400e-01 9.221400e-01 -2.273800e-01 3.204100e-02 36 66 1.060100e+01 4.640000e+00 -1.413900e+01 7.517800e+02 0
-8.348900e-01 9.101900e-01 -2.263800e-01 3.204100e-02 37 66 1.109300e+01 4.640000e+00 -4.715900e+01 7.559600e+02 0
-8.782700e-01 8.732200e-01 -2.232700e-01 3.204100e-02 38 66 1.066000e+01 4.640000e+00 -1.122600e+02 7.705400e+02 0
2.701100e-01 6.407600e+00 2.585400e+00 -1.025300e+00 199 33 1.037100e+01 4.640000e+00 6.992400e+02 1.486700e+02 0
3.257700e-01 6.662900e+00 1.948900e+00 -1.025300e+00 200 33 1.017800e+01 4.640000e+00 7.052000e+02 2.140600e+02 0
6.548100e-01 6.695100e+00 1.879400e+00 -1.025300e+00 201 33 9.854500e+00 4.640000e+00 7.364800e+02 2.208200e+02 0
8.471600e-01 7.087700e+00 -7.447400e-01 -1.025300e+00 208 33 1.078200e+01 4.640000e+00 7.557300e+02 4.560300e+02 0
7.377500e-01 7.121500e+00 -7.475800e-01 -1.025300e+00 209 33 1.087500e+01 4.640000e+00 7.454800e+02 4.557600e+02 0
5.598600e-01 7.680800e+00 2.023200e+00 -1.025300e+00 229 33 1.078400e+01 4.640000e+00 7.228800e+02 2.276700e+02 0
-6.310700e-01 8.898300e+00 -8.966700e-01 -1.025300e+00 258 33 1.076700e+01 4.640000e+00 6.363800e+02 4.466200e+02 0
-5.631400e-01 8.899100e+00 -8.967400e-01 -1.025300e+00 259 33 1.078500e+01 4.640000e+00 6.412600e+02 4.466500e+02 0
-4.501800e-01 9.545100e+00 -9.509500e-01 -1.025300e+00 276 33 1.132800e+01 4.640000e+00 6.524200e+02 4.444000e+02 0
-4.518200e-01 9.593900e+00 -9.550500e-01 -1.025300e+00 277 33 1.163000e+01 4.640000e+00 6.525300e+02 4.442400e+02 0
-3.778800e-01 9.648700e+00 -9.596400e-01 -1.025300e+00 278 33 1.133200e+01 4.640000e+00 6.576700e+02 4.440900e+02 0
-3.792500e-01 9.660700e+00 -9.606500e-01 -1.025300e+00 279 33 1.114300e+01 4.640000e+00 6.576200e+02 4.440500e+02 0
-1.522400e-01 9.717300e+00 -9.654000e-01 -1.025300e+00 280 33 1.152900e+01 4.640000e+00 6.727800e+02 4.439400e+02 0
0 9.777600e+00 -9.704600e-01 -1.025300e+00 281 33 1.147100e+01 4.640000e+00 6.828900e+02 4.438000e+02 0
-7.966900e-02 1.013600e+01 -1.000500e+00 -1.025300e+00 293 33 1.139900e+01 4.640000e+00 6.782600e+02 4.426800e+02 0
0 1.019800e+01 -1.005700e+00 -1.025300e+00 294 33 1.165000e+01 4.640000e+00 6.833600e+02 4.425300e+02 0
8.021400e-02 1.025000e+01 -1.010100e+00 -1.025300e+00 295 33 1.143400e+01 4.640000e+00 6.884300e+02 4.424000e+02 0
0 1.066200e+01 1.666800e+00 -1.025300e+00 310 33 1.136100e+01 4.640000e+00 6.816300e+02 2.855300e+02 0
-8.458000e-02 1.067300e+01 1.814300e+00 -1.025300e+00 311 33 1.136700e+01 4.640000e+00 6.765000e+02 2.772600e+02 0
1.724300e-01 1.100600e+01 -1.073600e+00 -1.025300e+00 317 33 1.178100e+01 4.640000e+00 6.942000e+02 4.404000e+02 0
8.649000e-02 1.103200e+01 -1.075700e+00 -1.025300e+00 318 33 1.185000e+01 4.640000e+00 6.892000e+02 4.403100e+02 0
6.264400e-01 1.134900e+01 -1.102300e+00 -1.025300e+00 329 33 1.223800e+01 4.640000e+00 7.198800e+02 4.396900e+02 0
4.488200e-01 1.142900e+01 -1.109000e+00 -1.025300e+00 330 33 1.234400e+01 4.640000e+00 7.097100e+02 4.394600e+02 0
2.717500e-01 1.145600e+01 1.767200e+00 -1.025300e+00 333 33 1.205800e+01 4.640000e+00 6.974100e+02 2.854600e+02 0
3.634200e-01 1.147400e+01 1.859400e+00 -1.025300e+00 334 33 1.211200e+01 4.640000e+00 7.024000e+02 2.806900e+02 0
7.530300e-01 1.188800e+01 1.809700e+00 -1.025300e+00 346 33 1.193700e+01 4.640000e+00 7.229500e+02 2.859800e+02 0
6.608100e-01 1.195000e+01 1.662400e+00 -1.025300e+00 347 33 1.216700e+01 4.640000e+00 7.180100e+02 2.938700e+02 0
7.574000e-01 1.198000e+01 1.664000e+00 -1.025300e+00 348 33 1.182000e+01 4.640000e+00 7.230800e+02 2.939400e+02 0
7.595800e-01 1.205700e+01 -1.161700e+00 -1.025300e+00 349 33 1.173000e+01 4.640000e+00 7.254500e+02 4.381500e+02 0
1.330100e+00 1.302500e+01 -1.243000e+00 -1.025300e+00 376 33 1.214300e+01 4.640000e+00 7.512900e+02 4.364000e+02 0
1.340700e+00 1.304100e+01 1.549400e+00 -1.025300e+00 379 33 1.195800e+01 4.640000e+00 7.492600e+02 3.047600e+02 0
1.447700e+00 1.303700e+01 1.765900e+00 -1.025300e+00 380 33 1.213600e+01 4.640000e+00 7.543200e+02 2.946200e+02 0
1.555200e+00 1.300600e+01 2.131700e+00 -1.025300e+00 381 33 1.193800e+01 4.640000e+00 7.594100e+02 2.773600e+02 0
1.628800e+00 1.378400e+01 -1.306700e+00 -1.025300e+00 399 33 1.182600e+01 4.640000e+00 7.620800e+02 4.351700e+02 0
1.524100e+00 1.383900e+01 -1.311300e+00 -1.025300e+00 400 33 1.208600e+01 4.640000e+00 7.569300e+02 4.350600e+02 0
1.527900e+00 1.388500e+01 -1.315100e+00 -1.025300e+00 401 33 1.198900e+01 4.640000e+00 7.569000e+02 4.349900e+02 0
1.763600e+00 1.397200e+01 -1.322400e+00 -1.025300e+00 405 33 1.163600e+01 4.640000e+00 7.673800e+02 4.349000e+02 0
1.768000e+00 1.400600e+01 -1.325300e+00 -1.025300e+00 406 33 1.168400e+01 4.640000e+00 7.674000e+02 4.348500e+02 0
1.892400e+00 1.410600e+01 -1.333600e+00 -1.025300e+00 409 33 1.135100e+01 4.640000e+00 7.725700e+02 4.347200e+02 0
1.785500e+00 1.416900e+01 -1.339000e+00 -1.025300e+00 410 33 1.137100e+01 4.640000e+00 7.673500e+02 4.346000e+02 0
0 0 -1.500000e-01 -9.932700e-01 1 34 9.153700e+00 4.640000e+00 2167 -3.612800e+03 0
3.224900e-01 6.465600e+00 2.329100e+00 -9.932700e-01 198 34 1.129400e+01 4.640000e+00 7.046800e+02 1.742300e+02 0
3.241300e-01 6.634000e+00 1.923600e+00 -9.932700e-01 199 34 1.235200e+01 4.640000e+00 7.051300e+02 2.157200e+02 0
3.257700e-01 6.724700e+00 1.723700e+00 -9.932700e-01 200 34 1.258300e+01 4.640000e+00 7.054100e+02 2.356200e+02 0
4.365400e-01 6.728600e+00 1.822400e+00 -9.932700e-01 201 34 1.223300e+01 4.640000e+00 7.157200e+02 2.267700e+02 0
5.484000e-01 6.752400e+00 1.838300e+00 -9.932700e-01 202 34 1.157700e+01 4.640000e+00 7.261500e+02 2.257600e+02 0
4.409100e-01 6.843500e+00 1.654900e+00 -9.932700e-01 203 34 1.105900e+01 4.640000e+00 7.159900e+02 2.438300e+02 0
5.647800e-01 6.954100e+00 1.892700e+00 -9.932700e-01 208 34 1.238400e+01 4.640000e+00 7.266100e+02 2.249800e+02 0
6.242500e-01 7.033600e+00 1.704500e+00 -9.932700e-01 209 34 1.317100e+01 4.640000e+00 7.319000e+02 2.426700e+02 0
6.842800e-01 7.073300e+00 1.666100e+00 -9.932700e-01 210 34 1.311800e+01 4.640000e+00 7.371500e+02 2.466000e+02 0
6.220700e-01 7.625600e+00 2.205800e+00 -9.932700e-01 229 34 1.279800e+01 4.640000e+00 7.280300e+02 2.122300e+02 0
-8.610800e-01 9.085100e+00 -9.123500e-01 -9.932700e-01 264 34 1.285100e+01 4.640000e+00 6.214300e+02 4.458500e+02 0
-9.363800e-01 9.043100e+00 1.532500e+00 -9.932700e-01 265 34 1.324100e+01 4.640000e+00 6.142300e+02 2.811100e+02 0
-9.399300e-01 8.965400e+00 2.094400e+00 -9.932700e-01 266 34 1.367300e+01 4.640000e+00 6.129400e+02 2.426800e+02 0
-9.434700e-01 8.951600e+00 2.296700e+00 -9.932700e-01 267 34 1.354900e+01 4.640000e+00 6.124400e+02 2.289300e+02 0
-7.503100e-01 9.306400e+00 2.250300e+00 -9.932700e-01 276 34 1.421600e+01 4.640000e+00 6.285800e+02 2.368800e+02 0
-7.530300e-01 9.377000e+00 2.100400e+00 -9.932700e-01 277 34 1.433500e+01 4.640000e+00 6.289800e+02 2.474200e+02 0
-6.801900e-01 9.448900e+00 1.958800e+00 -9.932700e-01 278 34 1.369500e+01 4.640000e+00 6.344200e+02 2.572900e+02 0
-5.347600e-01 9.471400e+00 2.372000e+00 -9.932700e-01 281 34 1.383900e+01 4.640000e+00 6.439300e+02 2.312500e+02 0
-7.666800e-01 9.561300e+00 2.073100e+00 -9.932700e-01 282 34 1.367800e+01 4.640000e+00 6.293300e+02 2.513400e+02 0
-3.186800e-01 9.904500e+00 2.406400e+00 -9.932700e-01 293 34 1.323900e+01 4.640000e+00 6.597900e+02 2.347600e+02 0
-1.598800e-01 1.002500e+01 2.043500e+00 -9.932700e-01 294 34 1.313400e+01 4.640000e+00 6.704800e+02 2.580300e+02 0
0 1.006400e+01 2.034700e+00 -9.932700e-01 295 34 1.293300e+01 4.640000e+00 6.806200e+02 2.589000e+02 0
-8.048700e-02 1.013400e+01 1.850600e+00 -9.932700e-01 296 34 1.304000e+01 4.640000e+00 6.758400e+02 2.706100e+02 0
-8.076000e-02 1.027500e+01 -1.012200e+00 -9.932700e-01 297 34 1.281000e+01 4.640000e+00 6.784100e+02 4.422800e+02 0
0 1.076100e+01 -1.053000e+00 -9.932700e-01 310 34 1.232100e+01 4.640000e+00 6.839300e+02 4.409700e+02 0
-1.691600e-01 1.059500e+01 2.216900e+00 -9.932700e-01 311 34 1.279100e+01 4.640000e+00 6.710200e+02 2.537300e+02 0
-1.697100e-01 1.050800e+01 2.743000e+00 -9.932700e-01 312 34 1.311900e+01 4.640000e+00 6.704000e+02 2.227200e+02 0
-1.702500e-01 1.050200e+01 2.897800e+00 -9.932700e-01 313 34 1.292100e+01 4.640000e+00 6.702400e+02 2.138100e+02 0
-1.708000e-01 1.064000e+01 2.500800e+00 -9.932700e-01 314 34 1.265000e+01 4.640000e+00 6.708000e+02 2.381100e+02 0
-1.713400e-01 1.066300e+01 2.552500e+00 -9.932700e-01 315 34 1.307700e+01 4.640000e+00 6.707800e+02 2.354700e+02 0
-1.718900e-01 1.076800e+01 2.243100e+00 -9.932700e-01 316 34 1.325000e+01 4.640000e+00 6.712000e+02 2.539900e+02 0
0 1.092000e+01 1.596900e+00 -9.932700e-01 317 34 1.322000e+01 4.640000e+00 6.819600e+02 2.912100e+02 0
8.054200e-01 1.137600e+01 -1.104600e+00 -9.932700e-01 329 34 1.315600e+01 4.640000e+00 7.299400e+02 4.396800e+02 0
6.283500e-01 1.140600e+01 -1.107100e+00 -9.932700e-01 330 34 1.339900e+01 4.640000e+00 7.198600e+02 4.395600e+02 0
7.202900e-01 1.144400e+01 -1.110300e+00 -9.932700e-01 331 34 1.267000e+01 4.640000e+00 7.249400e+02 4.395000e+02 0
6.321700e-01 1.141300e+01 1.721000e+00 -9.932700e-01 332 34 1.258700e+01 4.640000e+00 7.175200e+02 2.875600e+02 0
3.623300e-01 1.141600e+01 1.994200e+00 -9.932700e-01 333 34 1.330000e+01 4.640000e+00 7.022700e+02 2.731300e+02 0
3.634200e-01 1.144800e+01 2.015600e+00 -9.932700e-01 334 34 1.327600e+01 4.640000e+00 7.022900e+02 2.722500e+02 0
6.589000e-01 1.181400e+01 2.273600e+00 -9.932700e-01 346 34 1.310000e+01 4.640000e+00 7.176700e+02 2.617500e+02 0
6.608100e-01 1.193700e+01 1.753400e+00 -9.932700e-01 347 34 1.313700e+01 4.640000e+00 7.179600e+02 2.891800e+02 0
8.520700e-01 1.195300e+01 1.806100e+00 -9.932700e-01 348 34 1.290100e+01 4.640000e+00 7.280600e+02 2.865600e+02 0
7.595800e-01 1.195200e+01 2.067700e+00 -9.932700e-01 349 34 1.327000e+01 4.640000e+00 7.229100e+02 2.733000e+02 0
5.713200e-01 1.201700e+01 1.955100e+00 -9.932700e-01 350 34 1.323100e+01 4.640000e+00 7.129000e+02 2.794900e+02 0
6.703600e-01 1.195100e+01 2.643500e+00 -9.932700e-01 352 34 1.308400e+01 4.640000e+00 7.176900e+02 2.442000e+02 0
6.722700e-01 1.202400e+01 2.469400e+00 -9.932700e-01 353 34 1.334600e+01 4.640000e+00 7.177900e+02 2.536500e+02 0
7.085600e-01 1.265800e+01 2.673500e+00 -9.932700e-01 372 34 1.348700e+01 4.640000e+00 7.182200e+02 2.493200e+02 0
8.119700e-01 1.277400e+01 2.224600e+00 -9.932700e-01 373 34 1.326600e+01 4.640000e+00 7.234900e+02 2.715500e+02 0
1.432400e+00 1.300600e+01 -1.241300e+00 -9.932700e-01 376 34 1.308700e+01 4.640000e+00 7.564500e+02 4.364600e+02 0
1.443900e+00 1.292900e+01 2.241700e+00 -9.932700e-01 379 34 1.304300e+01 4.640000e+00 7.542200e+02 2.717100e+02 0
1.551100e+00 1.298700e+01 2.029300e+00 -9.932700e-01 380 34 1.328400e+01 4.640000e+00 7.594000e+02 2.820200e+02 0
1.555200e+00 1.304000e+01 1.914700e+00 -9.932700e-01 381 34 1.296900e+01 4.640000e+00 7.594400e+02 2.876800e+02 0
1.637000e+00 1.386700e+01 -1.313600e+00 -9.932700e-01 401 34 1.276200e+01 4.640000e+00 7.620500e+02 4.350400e+02 0
1.750500e+00 1.389400e+01 -1.315900e+00 -9.932700e-01 402 34 1.242500e+01 4.640000e+00 7.671900e+02 4.350200e+02 0
1.653400e+00 1.392200e+01 1.586000e+00 -9.932700e-01 405 34 1.279800e+01 4.640000e+00 7.600300e+02 3.067400e+02 0
1.657500e+00 1.399600e+01 -1.324500e+00 -9.932700e-01 406 34 1.275900e+01 4.640000e+00 7.623600e+02 4.348400e+02 0
1.781100e+00 1.413200e+01 -1.335900e+00 -9.932700e-01 409 34 1.243200e+01 4.640000e+00 7.673400e+02 4.346600e+02 0
1.562300e+00 1.419700e+01 -1.341300e+00 -9.932700e-01 410 34 1.216100e+01 4.640000e+00 7.570700e+02 4.345100e+02 0
-4.965700e-02 5.572500e+00 3.056800e+00 -9.612300e-01 183 35 1.115900e+01 4.640000e+00 6.633300e+02 6.729300e+01 0
-9.985900e-02 5.769800e+00 2.746600e+00 -9.612300e-01 184 35 1.113800e+01 4.640000e+00 6.593000e+02 1.091400e+02 0
-2.120000e+00 6.103000e+00 -6.621100e-01 -9.612300e-01 186 35 1.104800e+01 4.640000e+00 4.550100e+02 4.611800e+02 0
-1.979200e+00 6.186200e+00 -6.691000e-01 -9.612300e-01 187 35 1.119100e+01 4.640000e+00 4.725500e+02 4.606200e+02 0
2.701100e-01 6.589900e+00 2.077200e+00 -9.612300e-01 199 35 1.242800e+01 4.640000e+00 6.997900e+02 2.007500e+02 0
3.257700e-01 6.710100e+00 1.779600e+00 -9.612300e-01 200 35 1.280000e+01 4.640000e+00 7.053600e+02 2.303100e+02 0
4.365400e-01 6.883500e+00 -7.276100e-01 -9.612300e-01 201 35 1.248400e+01 4.640000e+00 7.189800e+02 4.571000e+02 0
-1.754900e+00 6.664300e+00 -7.092200e-01 -9.612300e-01 202 35 1.234700e+01 4.640000e+00 5.097100e+02 4.573300e+02 0
-1.653400e+00 6.760900e+00 -7.173200e-01 -9.612300e-01 203 35 1.234500e+01 4.640000e+00 5.218400e+02 4.567500e+02 0
-1.883100e+00 6.773000e+00 -7.183400e-01 -9.612300e-01 204 35 1.180700e+01 4.640000e+00 5.007200e+02 4.565500e+02 0
5.107500e-01 7.017100e+00 1.807300e+00 -9.612300e-01 209 35 1.325800e+01 4.640000e+00 7.215500e+02 2.335900e+02 0
-7.519400e-01 6.975900e+00 2.363700e+00 -9.612300e-01 213 35 1.325200e+01 4.640000e+00 6.068600e+02 1.857600e+02 0
-6.973700e-01 7.138000e+00 1.973900e+00 -9.612300e-01 214 35 1.389200e+01 4.640000e+00 6.139100e+02 2.223800e+02 0
-1.213000e+00 7.952000e+00 3.115000e+00 -9.612300e-01 248 35 1.372300e+01 4.640000e+00 5.807000e+02 1.513000e+02 0
-1.080400e+00 8.964800e+00 1.862700e+00 -9.612300e-01 265 35 1.416500e+01 4.640000e+00 6.032300e+02 2.582500e+02 0
-1.012200e+00 8.944400e+00 2.150000e+00 -9.612300e-01 266 35 1.468000e+01 4.640000e+00 6.076500e+02 2.386900e+02 0
-9.434700e-01 8.944600e+00 2.323900e+00 -9.612300e-01 267 35 1.457400e+01 4.640000e+00 6.123600e+02 2.270100e+02 0
-9.003700e-01 9.149600e+00 2.776500e+00 -9.612300e-01 276 35 1.502200e+01 4.640000e+00 6.168400e+02 2.004000e+02 0
-9.036400e-01 9.211200e+00 2.691500e+00 -9.612300e-01 277 35 1.514100e+01 4.640000e+00 6.171800e+02 2.069800e+02 0
-9.069100e-01 9.315500e+00 2.445700e+00 -9.612300e-01 278 35 1.458800e+01 4.640000e+00 6.179500e+02 2.244900e+02 0
-6.875500e-01 9.256600e+00 3.076000e+00 -9.612300e-01 281 35 1.451300e+01 4.640000e+00 6.319200e+02 1.828300e+02 0
-9.200100e-01 9.424700e+00 2.575400e+00 -9.612300e-01 282 35 1.464000e+01 4.640000e+00 6.178700e+02 2.178400e+02 0
-1.231000e+00 9.536700e+00 2.127400e+00 -9.612300e-01 283 35 1.440600e+01 4.640000e+00 5.985600e+02 2.477900e+02 0
-5.576800e-01 9.662900e+00 3.210700e+00 -9.612300e-01 293 35 1.385500e+01 4.640000e+00 6.428100e+02 1.819100e+02 0
-3.997100e-01 9.661900e+00 3.345500e+00 -9.612300e-01 294 35 1.379700e+01 4.640000e+00 6.529600e+02 1.734800e+02 0
-1.604300e-01 9.700500e+00 3.360700e+00 -9.612300e-01 295 35 1.352100e+01 4.640000e+00 6.685900e+02 1.731500e+02 0
-1.609700e-01 9.900300e+00 2.845700e+00 -9.612300e-01 296 35 1.339600e+01 4.640000e+00 6.694700e+02 2.080200e+02 0
-1.626100e-01 9.933900e+00 3.098400e+00 -9.612300e-01 299 35 1.342800e+01 4.640000e+00 6.692400e+02 1.933100e+02 0
-2.537400e-01 1.027500e+01 3.401200e+00 -9.612300e-01 311 35 1.375300e+01 4.640000e+00 6.642300e+02 1.813100e+02 0
-2.545600e-01 1.041400e+01 3.075400e+00 -9.612300e-01 312 35 1.372800e+01 4.640000e+00 6.648100e+02 2.023800e+02 0
-1.702500e-01 1.047400e+01 2.998000e+00 -9.612300e-01 313 35 1.342800e+01 4.640000e+00 6.701000e+02 2.076900e+02 0
-2.562000e-01 1.061000e+01 2.617900e+00 -9.612300e-01 314 35 1.309200e+01 4.640000e+00 6.655700e+02 2.311600e+02 0
-4.283600e-01 1.048300e+01 3.190200e+00 -9.612300e-01 315 35 1.377500e+01 4.640000e+00 6.544900e+02 1.969700e+02 0
-4.297200e-01 1.049600e+01 3.264700e+00 -9.612300e-01 316 35 1.392900e+01 4.640000e+00 6.544100e+02 1.929400e+02 0
-1.724300e-01 1.070300e+01 2.683300e+00 -9.612300e-01 317 35 1.342000e+01 4.640000e+00 6.707000e+02 2.286000e+02 0
6.589000e-01 1.140200e+01 3.837000e+00 -9.612300e-01 346 35 1.284000e+01 4.640000e+00 7.171600e+02 1.757600e+02 0
5.664100e-01 1.159100e+01 3.366300e+00 -9.612300e-01 347 35 1.270200e+01 4.640000e+00 7.121400e+02 2.031200e+02 0
5.680500e-01 1.167800e+01 3.185200e+00 -9.612300e-01 348 35 1.287400e+01 4.640000e+00 7.122400e+02 2.136000e+02 0
4.747400e-01 1.174000e+01 3.107000e+00 -9.612300e-01 349 35 1.323700e+01 4.640000e+00 7.071800e+02 2.184100e+02 0
2.856600e-01 1.180200e+01 3.032000e+00 -9.612300e-01 350 35 1.346000e+01 4.640000e+00 6.970500e+02 2.230300e+02 0
3.819700e-01 1.175400e+01 3.332300e+00 -9.612300e-01 351 35 1.372200e+01 4.640000e+00 702 2.071100e+02 0
6.703600e-01 1.178200e+01 3.317100e+00 -9.612300e-01 352 35 1.418400e+01 4.640000e+00 7.174600e+02 2.081400e+02 0
7.683100e-01 1.190300e+01 2.973500e+00 -9.612300e-01 353 35 1.422100e+01 4.640000e+00 7.227200e+02 2.270100e+02 0
7.705000e-01 1.206600e+01 2.408000e+00 -9.612300e-01 354 35 1.374800e+01 4.640000e+00 7.229200e+02 2.570800e+02 0
5.061100e-01 1.260200e+01 2.969400e+00 -9.612300e-01 372 35 1.344400e+01 4.640000e+00 7.079200e+02 2.347300e+02 0
5.074800e-01 1.270900e+01 2.645800e+00 -9.612300e-01 373 35 1.342300e+01 4.640000e+00 7.081200e+02 2.511400e+02 0
1.650100e+00 1.244100e+01 4.095000e+00 -9.612300e-01 379 35 1.281400e+01 4.640000e+00 7.653700e+02 1.783600e+02 0
-2.141500e+00 5.424500e+00 -6.051800e-01 -9.291900e-01 168 36 1.087900e+01 4.640000e+00 4.225900e+02 4.671900e+02 0
-2.062700e+00 5.489800e+00 -6.106600e-01 -9.291900e-01 169 36 1.100200e+01 4.640000e+00 4.348400e+02 4.666000e+02 0
-1.840800e+00 5.704700e+00 -6.286900e-01 -9.291900e-01 174 36 1.115400e+01 4.640000e+00 4.691000e+02 4.647400e+02 0
-1.566600e+00 5.839400e+00 -6.400000e-01 -9.291900e-01 175 36 1.182000e+01 4.640000e+00 5.039600e+02 4.637300e+02 0
-1.241400e+00 5.977200e+00 -6.515600e-01 -9.291900e-01 176 36 1.229000e+01 4.640000e+00 5.428400e+02 4.627700e+02 0
-1.104400e+00 5.961400e+00 -6.502300e-01 -9.291900e-01 177 36 1.251300e+01 4.640000e+00 5.570400e+02 4.629900e+02 0
-1.448800e+00 5.961100e+00 -6.502100e-01 -9.291900e-01 178 36 1.220200e+01 4.640000e+00 5.203700e+02 4.627700e+02 0
-2.074100e+00 5.960700e+00 -6.501800e-01 -9.291900e-01 182 36 1.281500e+01 4.640000e+00 4.541400e+02 4.623600e+02 0
-2.135200e+00 5.957300e+00 -6.498900e-01 -9.291900e-01 183 36 1.292500e+01 4.640000e+00 4.475500e+02 4.623500e+02 0
-1.890800e+00 6.791200e+00 2.022400e+00 -9.291900e-01 211 36 1.409000e+01 4.640000e+00 5.001700e+02 2.118000e+02 0
-2.014900e+00 6.938500e+00 -7.322300e-01 -9.291900e-01 212 36 1.384600e+01 4.640000e+00 4.933600e+02 4.554400e+02 0
-6.973700e-01 7.169500e+00 1.856300e+00 -9.291900e-01 214 36 1.384300e+01 4.640000e+00 6.143500e+02 2.328300e+02 0
-2.121600e+00 7.052200e+00 1.633400e+00 -9.291900e-01 217 36 1.400300e+01 4.640000e+00 4.869600e+02 2.503500e+02 0
-1.035100e+00 8.847800e+00 3.196400e+00 -9.291900e-01 272 36 1.467400e+01 4.640000e+00 6.044700e+02 1.667800e+02 0
-8.905400e-01 9.006500e+00 2.885000e+00 -9.291900e-01 273 36 1.470800e+01 4.640000e+00 6.162500e+02 1.906700e+02 0
-1.125500e+00 9.003100e+00 3.148400e+00 -9.291900e-01 276 36 1.469700e+01 4.640000e+00 5.997500e+02 1.733300e+02 0
-1.280200e+00 9.078300e+00 2.975300e+00 -9.291900e-01 277 36 1.484800e+01 4.640000e+00 5.899800e+02 1.863100e+02 0
-1.133600e+00 9.173200e+00 2.854500e+00 -9.291900e-01 278 36 1.440200e+01 4.640000e+00 6.010800e+02 1.958700e+02 0
-1.073300e+00 9.422900e+00 2.522100e+00 -9.291900e-01 282 36 1.374500e+01 4.640000e+00 6.076900e+02 2.212600e+02 0
-1.077200e+00 9.521600e+00 2.273600e+00 -9.291900e-01 283 36 1.411200e+01 4.640000e+00 6.084600e+02 2.383400e+02 0
-1.081000e+00 9.639800e+00 1.893600e+00 -9.291900e-01 284 36 1.385900e+01 4.640000e+00 6.094600e+02 2.635300e+02 0
-3.110400e-01 9.309900e+00 3.506400e+00 -9.291900e-01 286 36 1.373200e+01 4.640000e+00 6.572900e+02 1.560900e+02 0
-6.373500e-01 9.677900e+00 3.150100e+00 -9.291900e-01 293 36 1.296400e+01 4.640000e+00 6.377700e+02 1.859600e+02 0
-4.796500e-01 9.653700e+00 3.358700e+00 -9.291900e-01 294 36 1.310900e+01 4.640000e+00 6.477200e+02 1.725600e+02 0
-3.208600e-01 9.529400e+00 3.809000e+00 -9.291900e-01 295 36 1.260600e+01 4.640000e+00 6.572300e+02 1.419300e+02 0
-1.686100e-01 1.014300e+01 3.680700e+00 -9.291900e-01 310 36 1.332800e+01 4.640000e+00 6.689100e+02 1.625100e+02 0
-3.383200e-01 1.018100e+01 3.665300e+00 -9.291900e-01 311 36 1.376300e+01 4.640000e+00 6.585500e+02 1.642600e+02 0
-3.394100e-01 1.013600e+01 3.886200e+00 -9.291900e-01 312 36 1.335400e+01 4.640000e+00 6.581700e+02 1.504500e+02 0
-5.140300e-01 1.043900e+01 3.319900e+00 -9.291900e-01 315 36 1.336700e+01 4.640000e+00 6.490900e+02 1.889000e+02 0
-3.437800e-01 1.041600e+01 3.523300e+00 -9.291900e-01 316 36 1.359500e+01 4.640000e+00 6.591000e+02 1.767900e+02 0
-1.724300e-01 1.052400e+01 3.316200e+00 -9.291900e-01 317 36 1.319000e+01 4.640000e+00 6.698300e+02 1.903300e+02 0
-8.649000e-02 1.057700e+01 3.269300e+00 -9.291900e-01 318 36 1.286200e+01 4.640000e+00 6.751000e+02 1.937800e+02 0
-1.789800e-01 1.060200e+01 4.332300e+00 -9.291900e-01 329 36 1.286300e+01 4.640000e+00 6.688500e+02 1.345700e+02 0
-3.590600e-01 1.064800e+01 4.300900e+00 -9.291900e-01 330 36 1.290400e+01 4.640000e+00 6.584000e+02 1.374100e+02 0
-4.501800e-01 1.068400e+01 4.298100e+00 -9.291900e-01 331 36 1.234500e+01 4.640000e+00 6.531800e+02 1.383500e+02 0
1.904400e-01 1.142400e+01 4.244900e+00 -9.291900e-01 350 36 1.261700e+01 4.640000e+00 6.909600e+02 1.550700e+02 0
3.819700e-01 1.151500e+01 4.083300e+00 -9.291900e-01 351 36 1.301000e+01 4.640000e+00 7.015700e+02 1.649400e+02 0
5.746000e-01 1.167600e+01 3.688500e+00 -9.291900e-01 352 36 1.341100e+01 4.640000e+00 7.121800e+02 1.877400e+02 0
5.762300e-01 1.203400e+01 2.444500e+00 -9.291900e-01 353 36 1.326600e+01 4.640000e+00 7.127300e+02 2.550100e+02 0
6.741800e-01 1.223700e+01 -1.176800e+00 -9.291900e-01 354 36 1.276000e+01 4.640000e+00 7.205000e+02 4.377600e+02 0
1.405700e+00 1.145600e+01 5.652300e+00 -9.291900e-01 369 36 1.274200e+01 4.640000e+00 7.564200e+02 8.202500e+01 0
-1.176500e+00 4.678800e+00 2.377000e+00 -8.971500e-01 155 37 1.096400e+01 4.640000e+00 5.086000e+02 9.947000e+01 0
-1.184100e+00 4.751900e+00 2.306400e+00 -8.971500e-01 156 37 1.149800e+01 4.640000e+00 5.104300e+02 1.122200e+02 0
-1.362000e+00 5.025000e+00 1.604900e+00 -8.971500e-01 157 37 1.109700e+01 4.640000e+00 4.984200e+02 2.087200e+02 0
-1.242200e+00 4.797700e+00 2.345700e+00 -8.971500e-01 158 37 1.158200e+01 4.640000e+00 5.046400e+02 1.098300e+02 0
-1.163900e+00 4.667900e+00 2.702400e+00 -8.971500e-01 159 37 1.253700e+01 4.640000e+00 5.097500e+02 5.791000e+01 0
-1.171300e+00 4.684300e+00 2.742200e+00 -8.971500e-01 160 37 1.244800e+01 4.640000e+00 5.094000e+02 5.400800e+01 0
-1.135000e+00 4.674400e+00 2.843200e+00 -8.971500e-01 161 37 1.158000e+01 4.640000e+00 5.137800e+02 4.065600e+01 0
-7.683100e-01 6.091900e+00 -6.611900e-01 -8.971500e-01 177 37 1.279900e+01 4.640000e+00 5.951600e+02 4.621300e+02 0
-1.786800e+00 5.890000e+00 -6.442400e-01 -8.971500e-01 178 37 1.282100e+01 4.640000e+00 4.819800e+02 4.631400e+02 0
-2.574000e+00 5.544100e+00 -6.152200e-01 -8.971500e-01 179 37 1.356700e+01 4.640000e+00 3.796000e+02 4.657100e+02 0
-2.637300e+00 5.494000e+00 -6.110200e-01 -8.971500e-01 180 37 1.338700e+01 4.640000e+00 3.695400e+02 4.661400e+02 0
-2.123500e+00 5.935600e+00 -6.480700e-01 -8.971500e-01 182 37 1.347500e+01 4.640000e+00 4.478900e+02 4.625400e+02 0
-2.184900e+00 5.957500e+00 -6.499100e-01 -8.971500e-01 183 37 1.322400e+01 4.640000e+00 4.423200e+02 4.623200e+02 0
-2.359500e+00 6.043500e+00 -6.571200e-01 -8.971500e-01 189 37 1.383000e+01 4.640000e+00 4.277600e+02 4.615100e+02 0
-2.372100e+00 6.048700e+00 -6.575600e-01 -8.971500e-01 190 37 1.371100e+01 4.640000e+00 4.266900e+02 4.614600e+02 0
-2.053100e+00 7.011200e+00 1.733600e+00 -8.971500e-01 216 37 1.405400e+01 4.640000e+00 4.918200e+02 2.411300e+02 0
-2.121600e+00 7.009000e+00 1.810000e+00 -8.971500e-01 217 37 1.423100e+01 4.640000e+00 4.856900e+02 2.346100e+02 0
-2.249800e+00 7.021200e+00 1.752900e+00 -8.971500e-01 218 37 1.353000e+01 4.640000e+00 4.747200e+02 2.397500e+02 0
-1.723800e+00 7.915100e+00 2.529500e+00 -8.971500e-01 244 37 1.382400e+01 4.640000e+00 5.403000e+02 1.946000e+02 0
-1.664300e+00 7.754000e+00 3.117300e+00 -8.971500e-01 245 37 1.416800e+01 4.640000e+00 5.417300e+02 1.462100e+02 0
-1.470600e+00 7.380500e+00 4.071200e+00 -8.971500e-01 246 37 1.385400e+01 4.640000e+00 5.500600e+02 5.940400e+01 0
-8.054200e-01 6.890400e+00 5.067700e+00 -8.971500e-01 247 37 1.349300e+01 4.640000e+00 5.989700e+02 -4.657900e+01 0
-1.139400e+00 8.475400e+00 3.154800e+00 -8.971500e-01 262 37 1.315400e+01 4.640000e+00 5.929700e+02 1.613000e+02 0
-8.133300e-01 8.317000e+00 4.442800e+00 -8.971500e-01 272 37 1.339800e+01 4.640000e+00 6.146600e+02 6.593600e+01 0
-5.937000e-01 8.830200e+00 3.450900e+00 -8.971500e-01 273 37 1.350000e+01 4.640000e+00 6.353600e+02 1.489800e+02 0
-2.234500e-01 9.347700e+00 1.862400e+00 -8.971500e-01 274 37 1.310500e+01 4.640000e+00 6.646800e+02 2.622300e+02 0
-1.725700e+00 8.928200e+00 3.089300e+00 -8.971500e-01 276 37 1.360400e+01 4.640000e+00 5.571500e+02 1.760800e+02 0
-1.430800e+00 8.886700e+00 3.447700e+00 -8.971500e-01 277 37 1.381500e+01 4.640000e+00 5.769900e+02 1.511300e+02 0
-1.209200e+00 8.797300e+00 3.837500e+00 -8.971500e-01 278 37 1.341400e+01 4.640000e+00 5.912800e+02 1.226800e+02 0
-3.810200e+00 7.167500e+00 -7.514400e-01 -8.971500e-01 286 37 1.247900e+01 4.640000e+00 3.431300e+02 4.532000e+02 0
-2.341000e-01 9.184800e+00 3.917300e+00 -8.971500e-01 287 37 1.245500e+01 4.640000e+00 6.617100e+02 1.267200e+02 0
-5.385800e-01 1.017400e+01 5.312100e+00 -8.971500e-01 330 37 1.257800e+01 4.640000e+00 6.450700e+02 6.865900e+01 0
-5.451300e-01 1.113600e+01 3.305600e+00 -8.971500e-01 334 37 1.236800e+01 4.640000e+00 6.500900e+02 2.004200e+02 0
-9.112800e-01 1.097500e+01 3.842600e+00 -8.971500e-01 335 37 1.250000e+01 4.640000e+00 6.282400e+02 1.691100e+02 0
-2.504100e+00 1.071300e+01 5.562000e+00 -8.971500e-01 354 37 1.243000e+01 4.640000e+00 5.338700e+02 7.114500e+01 0
-1.502000e+00 1.059400e+01 7.055500e+00 -8.971500e-01 368 37 1.267800e+01 4.640000e+00 5.897700e+02 -1.482700e+01 0
-3.654900e+00 1.264700e+01 4.004000e+00 -8.971500e-01 395 37 1.256500e+01 4.640000e+00 5.018700e+02 1.878600e+02 0
-3.078700e+00 1.289000e+01 4.737600e+00 -8.971500e-01 404 37 1.225000e+01 4.640000e+00 5.329400e+02 1.572300e+02 0
-3.086300e+00 1.308500e+01 4.279100e+00 -8.971500e-01 405 37 1.205800e+01 4.640000e+00 5.350100e+02 1.809300e+02 0
1.274700e+00 2.167400e+00 -3.318700e-01 -8.651100e-01 74 38 1.081400e+01 4.640000e+00 1.036700e+03 5.598400e+02 1
1.312400e+00 2.170100e+00 -3.321000e-01 -8.651100e-01 75 38 1.163800e+01 4.640000e+00 1.048100e+03 5.597800e+02 1
1.350500e+00 2.161100e+00 -3.313400e-01 -8.651100e-01 76 38 1.153500e+01 4.640000e+00 1.061800e+03 5.605600e+02 1
1.368600e+00 2.121600e+00 -3.280300e-01 -8.651100e-01 77 38 1.027100e+01 4.640000e+00 1.074900e+03 5.635400e+02 1
1.465700e+00 2.239100e+00 -3.378900e-01 -8.651100e-01 80 38 1.178600e+01 4.640000e+00 1.083600e+03 5.555100e+02 1
1.484200e+00 2.302600e+00 -3.432200e-01 -8.651100e-01 81 38 1.257300e+01 4.640000e+00 1.077700e+03 5.514200e+02 1
1.502800e+00 2.332100e+00 -3.456900e-01 -8.651100e-01 82 38 1.226100e+01 4.640000e+00 1.078100e+03 5.496300e+02 1
1.543700e+00 2.338700e+00 -3.462400e-01 -8.651100e-01 83 38 1.099800e+01 4.640000e+00 1089 5.493500e+02 1
-1.115400e+00 3.981600e+00 2.983400e+00 -8.651100e-01 147 38 1.131500e+01 4.640000e+00 4.862400e+02 -3.441900e+01 0
-1.203200e+00 4.206900e+00 2.685100e+00 -8.651100e-01 148 38 1.240800e+01 4.640000e+00 4.842900e+02 2.778500e+01 0
-1.251800e+00 4.378800e+00 2.444200e+00 -8.651100e-01 149 38 1.248100e+01 4.640000e+00 4.855300e+02 7.293300e+01 0
-1.219600e+00 4.518700e+00 2.273900e+00 -8.651100e-01 150 38 1.164000e+01 4.640000e+00 4.962800e+02 1.038300e+02 0
-2.595500e+00 4.589000e+00 -5.350700e-01 -8.651100e-01 152 38 1.097000e+01 4.640000e+00 3.113800e+02 4.766100e+02 0
-2.612700e+00 4.617700e+00 -5.374900e-01 -8.651100e-01 153 38 1.184600e+01 4.640000e+00 3.114500e+02 4.762000e+02 0
-2.629900e+00 4.643600e+00 -5.396500e-01 -8.651100e-01 154 38 1.150700e+01 4.640000e+00 3.112600e+02 4.758400e+02 0
-1.499200e+00 4.941700e+00 1.842400e+00 -8.651100e-01 158 38 1.250300e+01 4.640000e+00 4.779200e+02 1.776900e+02 0
-1.207000e+00 4.679000e+00 2.664100e+00 -8.651100e-01 159 38 1.327400e+01 4.640000e+00 5.045100e+02 6.350800e+01 0
-1.258100e+00 4.650500e+00 2.761100e+00 -8.651100e-01 160 38 1.324500e+01 4.640000e+00 4.966000e+02 4.961900e+01 0
-2.737100e+00 5.318400e+00 -5.962800e-01 -8.651100e-01 177 38 1.349100e+01 4.640000e+00 3.471500e+02 4.678100e+02 0
-2.525400e+00 5.549300e+00 -6.156500e-01 -8.651100e-01 179 38 1.366700e+01 4.640000e+00 3.853600e+02 4.657000e+02 0
-2.637300e+00 5.436100e+00 1.603800e+00 -8.651100e-01 180 38 1.393100e+01 4.640000e+00 3.680200e+02 2.213000e+02 0
-2.701100e+00 5.357900e+00 1.874500e+00 -8.651100e-01 181 38 1.341300e+01 4.640000e+00 3.563000e+02 1.894300e+02 0
-2.462100e+00 5.897500e+00 1.504900e+00 -8.651100e-01 189 38 1.387400e+01 4.640000e+00 4.113300e+02 242 0
-2.475200e+00 5.920900e+00 1.543500e+00 -8.651100e-01 190 38 1.382900e+01 4.640000e+00 4.110900e+02 2.385900e+02 0
-2.488300e+00 5.976300e+00 -6.514800e-01 -8.651100e-01 191 38 1.366800e+01 4.640000e+00 4.112700e+02 4.619700e+02 0
-2.605600e+00 5.961300e+00 -6.502200e-01 -8.651100e-01 192 38 1.408400e+01 4.640000e+00 3.982400e+02 4.620100e+02 0
-2.671600e+00 5.987000e+00 -6.523800e-01 -8.651100e-01 193 38 1.406200e+01 4.640000e+00 3.926100e+02 4.617600e+02 0
-2.786200e+00 7.061400e+00 1.575700e+00 -8.651100e-01 223 38 1.401500e+01 4.640000e+00 4.289300e+02 2.556700e+02 0
-2.528100e+00 7.025200e+00 2.559200e+00 -8.651100e-01 227 38 1.374400e+01 4.640000e+00 4.504700e+02 1.718700e+02 0
-2.601200e+00 6.908400e+00 2.890300e+00 -8.651100e-01 228 38 1.406700e+01 4.640000e+00 4.400100e+02 1.405600e+02 0
-2.737100e+00 6.861900e+00 2.970600e+00 -8.651100e-01 229 38 1.376400e+01 4.640000e+00 4.262200e+02 1.323600e+02 0
-1.458600e+00 7.476100e+00 3.741500e+00 -8.651100e-01 244 38 1.387500e+01 4.640000e+00 5.529800e+02 8.899000e+01 0
-1.531200e+00 7.449900e+00 3.842700e+00 -8.651100e-01 245 38 1.446900e+01 4.640000e+00 5.464400e+02 8.017500e+01 0
-1.537400e+00 7.298100e+00 4.193200e+00 -8.651100e-01 246 38 1.416400e+01 4.640000e+00 5.427800e+02 4.640000e+01 0
-1.275200e+00 6.871900e+00 4.995800e+00 -8.651100e-01 247 38 1.316700e+01 4.640000e+00 5.567600e+02 -4.075200e+01 0
-5.347600e-01 7.975600e+00 5.632300e+00 -8.651100e-01 281 38 1.226200e+01 4.640000e+00 6.320800e+02 -3.365800e+01 0
-4.616400e-01 6.425100e+00 7.449500e+00 -8.651100e-01 283 38 1.172600e+01 4.640000e+00 6.230300e+02 -2.863600e+02 0
-6.949200e-01 7.002100e+00 6.940300e+00 -8.651100e-01 284 38 1.160300e+01 4.640000e+00 6.087300e+02 -1.932800e+02 0
-5.462200e-01 9.069500e+00 4.148200e+00 -8.651100e-01 287 38 1.206900e+01 4.640000e+00 6.396300e+02 1.089800e+02 0
-2.496500e-01 9.613900e+00 4.578900e+00 -8.651100e-01 306 38 1.218400e+01 4.640000e+00 6.615700e+02 9.642100e+01 0
-2.504700e-01 9.147900e+00 5.518600e+00 -8.651100e-01 307 38 1.244500e+01 4.640000e+00 6.591500e+02 2.290100e+01 0
-2.748800e+00 9.722000e+00 5.172000e+00 -8.651100e-01 326 38 1.232400e+01 4.640000e+00 5.026500e+02 6.582000e+01 0
-2.504100e+00 1.089900e+01 5.188300e+00 -8.651100e-01 354 38 1.247600e+01 4.640000e+00 5.366100e+02 9.602400e+01 0
-2.511200e+00 1.103900e+01 4.967100e+00 -8.651100e-01 355 38 1.238400e+01 4.640000e+00 5.382100e+02 1.110700e+02 0
-2.808900e+00 1.068000e+01 5.634000e+00 -8.651100e-01 356 38 1.246000e+01 4.640000e+00 5.158700e+02 6.660900e+01 0
-2.913900e+00 1.056600e+01 5.867800e+00 -8.651100e-01 357 38 1.245600e+01 4.640000e+00 5.078800e+02 5.074100e+01 0
-3.196600e+00 1.311700e+01 4.096300e+00 -8.651100e-01 405 38 1.139200e+01 4.640000e+00 5.302200e+02 1.896600e+02 0
1.989000e+00 8.765800e+00 1.092000e+01 -8.651100e-01 406 38 1.131600e+01 4.640000e+00 8.090900e+02 -3.472000e+02 0
1.993900e+00 9.444400e+00 1.038600e+01 -8.651100e-01 407 38 1.137300e+01 4.640000e+00 8.021200e+02 -2.661400e+02 0
1.554600e+00 8.740300e+00 1.110100e+01 -8.651100e-01 408 38 1.110000e+01 4.640000e+00 7.786500e+02 -3.595500e+02 0
1.294600e+00 2.157700e+00 -3.310600e-01 -8.330700e-01 74 39 1.090800e+01 4.640000e+00 1.044600e+03 5.606100e+02 1
1.332500e+00 2.178900e+00 -3.328400e-01 -8.330700e-01 75 39 1.173600e+01 4.640000e+00 1053 5.592200e+02 1
1.371000e+00 2.200500e+00 -3.346500e-01 -8.330700e-01 76 39 1.165400e+01 4.640000e+00 1.061200e+03 5.578400e+02 1
1.410000e+00 2.246500e+00 -3.385100e-01 -8.330700e-01 77 39 1.029900e+01 4.640000e+00 1.065200e+03 5.548300e+02 1
1.407600e+00 2.256800e+00 -3.393800e-01 -8.330700e-01 78 39 1.039800e+01 4.640000e+00 1.062700e+03 5.541400e+02 1
1.404600e+00 2.090700e+00 -3.254300e-01 -8.330700e-01 79 39 1.139400e+01 4.640000e+00 1.092800e+03 5.660300e+02 1
1.465700e+00 2.200200e+00 -3.346200e-01 -8.330700e-01 80 39 1.249300e+01 4.640000e+00 1.090900e+03 5.581800e+02 1
1.462400e+00 2.311300e+00 -3.439500e-01 -8.330700e-01 81 39 1.323900e+01 4.640000e+00 1.069700e+03 5.508000e+02 1
1.480700e+00 2.357400e+00 -3.478100e-01 -8.330700e-01 82 39 1.292300e+01 4.640000e+00 1.067300e+03 5.480200e+02 1
1.476600e+00 2.412000e+00 -3.524000e-01 -8.330700e-01 83 39 1.150400e+01 4.640000e+00 1.057200e+03 5.447800e+02 1
-1.234900e+00 3.952800e+00 2.974600e+00 -8.330700e-01 147 39 1.180900e+01 4.640000e+00 4.662700e+02 -3.557700e+01 0
-1.243300e+00 4.186300e+00 2.698900e+00 -8.330700e-01 148 39 1.291600e+01 4.640000e+00 4.774000e+02 2.434400e+01 0
-1.251800e+00 4.366800e+00 2.465500e+00 -8.330700e-01 149 39 1.294500e+01 4.640000e+00 4.849700e+02 6.929400e+01 0
-1.260200e+00 4.515200e+00 2.258700e+00 -8.330700e-01 150 39 1.196300e+01 4.640000e+00 4.905700e+02 1.056800e+02 0
-2.783000e+00 4.434700e+00 -5.221200e-01 -8.330700e-01 151 39 1.178700e+01 4.640000e+00 2.718700e+02 4.786300e+02 0
-2.677900e+00 4.541000e+00 -5.310500e-01 -8.330700e-01 152 39 1.341500e+01 4.640000e+00 2.960700e+02 4.772100e+02 0
-2.695600e+00 4.572400e+00 -5.336800e-01 -8.330700e-01 153 39 1.401100e+01 4.640000e+00 2.963900e+02 4.767500e+02 0
-2.755100e+00 4.576700e+00 -5.340400e-01 -8.330700e-01 154 39 1.355500e+01 4.640000e+00 2.887000e+02 4.766300e+02 0
-2.857200e+00 4.547900e+00 -5.316200e-01 -8.330700e-01 155 39 1.311500e+01 4.640000e+00 2.722200e+02 4.769400e+02 0
-2.875700e+00 4.586000e+00 -5.348200e-01 -8.330700e-01 156 39 1.376700e+01 4.640000e+00 2.732100e+02 4.763900e+02 0
-2.979400e+00 4.559200e+00 -5.325700e-01 -8.330700e-01 157 39 1.315000e+01 4.640000e+00 2.566700e+02 4.766600e+02 0
-2.890700e+00 4.708600e+00 -5.451100e-01 -8.330700e-01 164 39 1.352900e+01 4.640000e+00 2.821400e+02 4.747400e+02 0
-2.863700e+00 4.752100e+00 -5.487600e-01 -8.330700e-01 165 39 1.382100e+01 4.640000e+00 2.894200e+02 4.742000e+02 0
-2.833200e+00 5.321300e+00 -5.965200e-01 -8.330700e-01 177 39 1.374300e+01 4.640000e+00 3.361000e+02 4.677100e+02 0
-2.588400e+00 5.410200e+00 1.763000e+00 -8.330700e-01 180 39 1.334600e+01 4.640000e+00 3.721600e+02 2.031500e+02 0
-2.861500e+00 5.584400e+00 -6.186000e-01 -8.330700e-01 185 39 1.374500e+01 4.640000e+00 3.497400e+02 4.651300e+02 0
-2.978000e+00 5.543600e+00 -6.151800e-01 -8.330700e-01 186 39 1.375200e+01 4.640000e+00 3.341500e+02 4.654300e+02 0
-3.197100e+00 5.368300e+00 1.776100e+00 -8.330700e-01 187 39 1.321800e+01 4.640000e+00 3.004900e+02 2.010400e+02 0
-2.643800e+00 5.736900e+00 2.031700e+00 -8.330700e-01 191 39 1.256800e+01 4.640000e+00 3.844100e+02 1.843700e+02 0
-2.657700e+00 5.887400e+00 1.663800e+00 -8.330700e-01 192 39 1.330600e+01 4.640000e+00 3.904900e+02 2.258600e+02 0
-2.619200e+00 6.030600e+00 -6.560400e-01 -8.330700e-01 193 39 1.323400e+01 4.640000e+00 4.002200e+02 4.614400e+02 0
-6.182500e-01 5.654800e+00 4.404300e+00 -8.330700e-01 207 39 1.252900e+01 4.640000e+00 5.998000e+02 -6.633000e+01 0
-9.647600e-01 5.740500e+00 4.345300e+00 -8.330700e-01 209 39 1.257200e+01 4.640000e+00 5.640800e+02 -5.337100e+01 0
-1.308500e+00 6.263500e+00 4.125300e+00 -8.330700e-01 219 39 1.371000e+01 4.640000e+00 5.409800e+02 1.479600e+00 0
-2.967900e+00 6.641200e+00 2.682200e+00 -8.330700e-01 223 39 1.393500e+01 4.640000e+00 3.961700e+02 1.506100e+02 0
-3.224700e+00 6.734800e+00 2.212500e+00 -8.330700e-01 224 39 1.351300e+01 4.640000e+00 3.766400e+02 1.947700e+02 0
-2.210000e+00 6.694400e+00 3.470600e+00 -8.330700e-01 226 39 1.271200e+01 4.640000e+00 4.679900e+02 8.243500e+01 0
-2.466500e+00 6.827400e+00 3.098000e+00 -8.330700e-01 227 39 1.342300e+01 4.640000e+00 4.492100e+02 120 0
-2.663200e+00 6.789300e+00 3.107900e+00 -8.330700e-01 228 39 1.377500e+01 4.640000e+00 4.301300e+02 1.180300e+02 0
-2.861500e+00 6.701000e+00 3.210900e+00 -8.330700e-01 229 39 1.370900e+01 4.640000e+00 4.087000e+02 1.061300e+02 0
-2.999000e+00 6.782400e+00 2.994000e+00 -8.330700e-01 230 39 1.296200e+01 4.640000e+00 3.995700e+02 1.279800e+02 0
-1.458600e+00 7.219300e+00 4.215700e+00 -8.330700e-01 244 39 1.271400e+01 4.640000e+00 5.478900e+02 4.111000e+01 0
-1.597700e+00 7.270400e+00 4.147500e+00 -8.330700e-01 245 39 1.336800e+01 4.640000e+00 5.371300e+02 4.896800e+01 0
-1.671100e+00 7.282300e+00 4.169500e+00 -8.330700e-01 246 39 1.311800e+01 4.640000e+00 5.311800e+02 4.780100e+01 0
-1.543700e+00 7.141600e+00 4.519100e+00 -8.330700e-01 247 39 1.195400e+01 4.640000e+00 5.389000e+02 1.313300e+01 0
-1.787100e+00 7.478100e+00 4.960400e+00 -8.330700e-01 263 39 1.200600e+01 4.640000e+00 5.255900e+02 -5.382400e+00 0
-1.446000e+00 7.704400e+00 4.919300e+00 -8.330700e-01 266 39 1.163300e+01 4.640000e+00 5.575700e+02 7.721000e+00 0
-2.155400e+00 7.938700e+00 7.356600e+00 -8.330700e-01 317 39 1.187600e+01 4.640000e+00 5.063400e+02 -1.566400e+02 0
-4.264700e+00 9.549000e+00 3.839200e+00 -8.330700e-01 320 39 1.226800e+01 4.640000e+00 4.021500e+02 1.432800e+02 0
-4.627300e+00 9.597800e+00 3.370500e+00 -8.330700e-01 321 39 1.207900e+01 4.640000e+00 3.804000e+02 1.732200e+02 0
-4.340900e+00 1.091800e+01 5.377500e+00 -8.330700e-01 371 39 1.160800e+01 4.640000e+00 4.338900e+02 8.777400e+01 0
-4.453800e+00 1.115900e+01 4.850000e+00 -8.330700e-01 372 39 1.134000e+01 4.640000e+00 4.330800e+02 1.211500e+02 0
2.104700e+00 1.041600e+01 9.387300e+00 -8.330700e-01 407 39 1.085100e+01 4.640000e+00 8.001300e+02 -1.547300e+02 0
1.332500e+00 2.207700e+00 -3.352500e-01 -8.010300e-01 75 40 1.002600e+01 4.640000e+00 1048 5.572100e+02 1
1.391500e+00 2.217800e+00 -3.361000e-01 -8.010300e-01 76 40 1.005400e+01 4.640000e+00 1.064500e+03 5.567100e+02 1
1.386600e+00 2.283500e+00 -3.416100e-01 -8.010300e-01 78 40 1.017400e+01 4.640000e+00 1.051800e+03 5.523400e+02 1
1.425900e+00 2.176500e+00 -3.326300e-01 -8.010300e-01 79 40 1.069900e+01 4.640000e+00 1.082800e+03 5.597200e+02 1
1.444100e+00 2.199000e+00 -3.345200e-01 -8.010300e-01 80 40 1.133600e+01 4.640000e+00 1.084300e+03 5.581900e+02 1
1.462400e+00 2.313900e+00 -3.441700e-01 -8.010300e-01 81 40 1.194700e+01 4.640000e+00 1.069300e+03 5.506400e+02 1
1.458600e+00 2.392800e+00 -3.507900e-01 -8.010300e-01 82 40 1.166200e+01 4.640000e+00 1.055200e+03 5.458500e+02 1
-2.320500e+00 3.619800e+00 1.934000e+00 -8.010300e-01 136 40 1.032100e+01 4.640000e+00 2.624500e+02 9.854700e+01 0
-2.313400e+00 3.806700e+00 1.929300e+00 -8.010300e-01 140 40 1.087900e+01 4.640000e+00 2.842200e+02 1.118700e+02 0
-2.406400e+00 3.827400e+00 1.861500e+00 -8.010300e-01 141 40 1.122500e+01 4.640000e+00 2.715000e+02 1.237300e+02 0
-2.462100e+00 3.717200e+00 2.090100e+00 -8.010300e-01 142 40 1.143200e+01 4.640000e+00 2.508300e+02 8.113000e+01 0
-2.518300e+00 3.707000e+00 2.123500e+00 -8.010300e-01 143 40 1.130800e+01 4.640000e+00 2.406000e+02 7.528900e+01 0
-2.614100e+00 3.808900e+00 1.897100e+00 -8.010300e-01 144 40 1.089400e+01 4.640000e+00 2.366500e+02 1.175400e+02 0
-1.283400e+00 3.792000e+00 3.213800e+00 -8.010300e-01 148 40 1.203400e+01 4.640000e+00 4.491600e+02 -8.805500e+01 0
-3.028500e+00 4.168800e+00 -4.998100e-01 -8.010300e-01 149 40 1.203700e+01 4.640000e+00 2.086900e+02 4.825300e+02 0
-3.089600e+00 4.132500e+00 -4.967600e-01 -8.010300e-01 150 40 1.228600e+01 4.640000e+00 1.953500e+02 4.830700e+02 0
-2.823900e+00 4.393700e+00 -5.186800e-01 -8.010300e-01 151 40 1.308300e+01 4.640000e+00 2.621800e+02 4.792000e+02 0
-2.719100e+00 4.515100e+00 -5.288700e-01 -8.010300e-01 152 40 1.381500e+01 4.640000e+00 2.881300e+02 4.775300e+02 0
-2.737100e+00 4.548200e+00 -5.316500e-01 -8.010300e-01 153 40 1.414700e+01 4.640000e+00 2.886200e+02 4.770500e+02 0
-2.796900e+00 4.528400e+00 -5.299900e-01 -8.010300e-01 154 40 1.375300e+01 4.640000e+00 2.786700e+02 4.772700e+02 0
-2.899200e+00 4.501000e+00 -5.276900e-01 -8.010300e-01 155 40 1.415100e+01 4.640000e+00 2.620700e+02 4.775600e+02 0
-2.960300e+00 4.516500e+00 -5.289900e-01 -8.010300e-01 156 40 1.453900e+01 4.640000e+00 2.551800e+02 4.772800e+02 0
-3.022000e+00 4.521600e+00 -5.294200e-01 -8.010300e-01 157 40 1.400200e+01 4.640000e+00 2.472400e+02 4.771500e+02 0
-2.997900e+00 4.661600e+00 -5.411600e-01 -8.010300e-01 165 40 1.376800e+01 4.640000e+00 2.637600e+02 4.752600e+02 0
-3.061200e+00 4.693200e+00 -5.438200e-01 -8.010300e-01 166 40 1.374100e+01 4.640000e+00 2.583100e+02 4.747800e+02 0
-2.978000e+00 5.454200e+00 1.767800e+00 -8.010300e-01 186 40 1.290000e+01 4.640000e+00 3.310200e+02 2.042300e+02 0
-3.044900e+00 5.326500e+00 2.133500e+00 -8.010300e-01 187 40 1.302100e+01 4.640000e+00 3.153200e+02 1.601900e+02 0
-3.112300e+00 5.152700e+00 2.532300e+00 -8.010300e-01 188 40 1.287200e+01 4.640000e+00 2.955300e+02 1.084300e+02 0
-1.724900e+00 6.703400e+00 3.170400e+00 -8.010300e-01 219 40 1.301800e+01 4.640000e+00 5.128000e+02 1.084300e+02 0
-2.907400e+00 6.062300e+00 3.860600e+00 -8.010300e-01 223 40 1.341400e+01 4.640000e+00 3.753800e+02 1.796400e+01 0
-2.920500e+00 6.112500e+00 3.841700e+00 -8.010300e-01 224 40 1.361900e+01 4.640000e+00 3.766000e+02 2.250400e+01 0
-2.994700e+00 6.135500e+00 3.818900e+00 -8.010300e-01 225 40 1.292300e+01 4.640000e+00 3.704200e+02 2.601400e+01 0
-2.910900e+00 6.421200e+00 3.625200e+00 -8.010300e-01 228 40 1.198000e+01 4.640000e+00 3.921600e+02 5.784100e+01 0
-3.172600e+00 6.256900e+00 3.766700e+00 -8.010300e-01 229 40 1.228400e+01 4.640000e+00 3.592700e+02 3.742700e+01 0
-3.561400e+00 6.180700e+00 3.615800e+00 -8.010300e-01 230 40 1.197000e+01 4.640000e+00 3.172300e+02 4.825800e+01 0
-3.890700e+00 6.309300e+00 3.094200e+00 -8.010300e-01 231 40 1.188800e+01 4.640000e+00 2.926300e+02 1.027400e+02 0
-3.781500e+00 6.608200e+00 2.667000e+00 -8.010300e-01 232 40 1.209500e+01 4.640000e+00 3.197900e+02 1.517100e+02 0
-3.797900e+00 6.806500e+00 2.211900e+00 -8.010300e-01 233 40 1.169400e+01 4.640000e+00 3.285300e+02 1.969600e+02 0
-3.025200e+00 7.269900e+00 3.930500e+00 -8.010300e-01 253 40 1.145200e+01 4.640000e+00 4.169800e+02 6.815700e+01 0
-3.382400e+00 7.245200e+00 3.759600e+00 -8.010300e-01 254 40 1.154800e+01 4.640000e+00 3.860400e+02 8.131300e+01 0
-3.534300e+00 7.273100e+00 3.646500e+00 -8.010300e-01 255 40 1.147100e+01 4.640000e+00 3.744400e+02 9.156900e+01 0
-3.117700e+00 7.517500e+00 6.202500e+00 -8.010300e-01 294 40 1.097800e+01 4.640000e+00 4.191100e+02 -9.582600e+01 0
-4.341400e+00 9.049900e+00 3.668000e+00 -8.010300e-01 307 40 1.156700e+01 4.640000e+00 3.812800e+02 1.426500e+02 0
-3.936800e+00 9.167800e+00 3.924600e+00 -8.010300e-01 308 40 1.150600e+01 4.640000e+00 4.121700e+02 1.287300e+02 0
-6.043900e+00 8.906700e+00 1.692800e+00 -8.010300e-01 313 40 1.187900e+01 4.640000e+00 2.589100e+02 2.704800e+02 0
-3.330500e+00 8.314700e+00 6.265800e+00 -8.010300e-01 314 40 1.201200e+01 4.640000e+00 4.290600e+02 -5.749200e+01 0
-5.259200e+00 9.334200e+00 2.646100e+00 -8.010300e-01 317 40 1.212200e+01 4.640000e+00 3.301900e+02 2.139700e+02 0
-5.063900e+00 9.216600e+00 3.781800e+00 -8.010300e-01 321 40 1.281900e+01 4.640000e+00 3.392600e+02 1.398200e+02 0
-5.167300e+00 9.268300e+00 3.615300e+00 -8.010300e-01 322 40 1.272600e+01 4.640000e+00 3.343300e+02 1.515900e+02 0
-5.215600e+00 9.474100e+00 3.327400e+00 -8.010300e-01 325 40 1.273500e+01 4.640000e+00 3.386500e+02 1.738400e+02 0
-5.143000e+00 9.548500e+00 3.346700e+00 -8.010300e-01 326 40 1.278600e+01 4.640000e+00 3.459700e+02 1.740400e+02 0
-4.880500e+00 9.987300e+00 4.556500e+00 -8.010300e-01 345 40 1.217300e+01 4.640000e+00 3.773800e+02 1.111400e+02 0
-5.083000e+00 9.675300e+00 5.071400e+00 -8.010300e-01 346 40 1.222600e+01 4.640000e+00 3.551000e+02 7.263700e+01 0
-4.629200e+00 9.825100e+00 6.401700e+00 -8.010300e-01 362 40 1.144100e+01 4.640000e+00 3.885200e+02 -1.478500e+00 0
-4.345800e+00 1.031300e+01 5.880300e+00 -8.010300e-01 363 40 1.152500e+01 4.640000e+00 4.189400e+02 4.396700e+01 0
-2.320500e+00 3.458000e+00 2.210300e+00 -7.689800e-01 136 41 1.102800e+01 4.640000e+00 2.435800e+02 4.019500e+01 0
-2.374800e+00 3.540600e+00 2.093500e+00 -7.689800e-01 137 41 1.142500e+01 4.640000e+00 2.442400e+02 6.674800e+01 0
-2.579100e+00 3.621700e+00 1.767000e+00 -7.689800e-01 138 41 1.098000e+01 4.640000e+00 2.191000e+02 1.261300e+02 0
-2.409700e+00 3.768400e+00 1.794200e+00 -7.689800e-01 139 41 1.119600e+01 4.640000e+00 2.643800e+02 1.305500e+02 0
-2.427200e+00 3.697900e+00 1.999700e+00 -7.689800e-01 140 41 1.215100e+01 4.640000e+00 2.540600e+02 9.385200e+01 0
-2.444600e+00 3.719400e+00 2.023600e+00 -7.689800e-01 141 41 1.255800e+01 4.640000e+00 2.537500e+02 9.165000e+01 0
-2.423600e+00 3.681900e+00 2.194800e+00 -7.689800e-01 142 41 1.293600e+01 4.640000e+00 2.532700e+02 6.192500e+01 0
-2.518300e+00 3.705900e+00 2.125400e+00 -7.689800e-01 143 41 1.316400e+01 4.640000e+00 2.404800e+02 7.490600e+01 0
-2.653100e+00 3.784500e+00 1.891800e+00 -7.689800e-01 144 41 1.325800e+01 4.640000e+00 2.275600e+02 1.169100e+02 0
-2.632300e+00 3.823600e+00 1.934200e+00 -7.689800e-01 145 41 1.299000e+01 4.640000e+00 2.355800e+02 1.128400e+02 0
-2.413300e+00 3.791200e+00 2.333600e+00 -7.689800e-01 146 41 1.234200e+01 4.640000e+00 2.675800e+02 4.910000e+01 0
-3.025200e+00 4.374000e+00 -5.170300e-01 -7.689800e-01 155 41 1.434500e+01 4.640000e+00 2.317800e+02 4.792900e+02 0
-3.044900e+00 4.401500e+00 -5.193400e-01 -7.689800e-01 156 41 1.432300e+01 4.640000e+00 2.319000e+02 4.788600e+02 0
-3.215700e+00 4.696900e+00 -5.441300e-01 -7.689800e-01 167 41 1.365300e+01 4.640000e+00 2.383500e+02 4.746000e+02 0
-3.378800e+00 4.776200e+00 -5.507800e-01 -7.689800e-01 173 41 1.365900e+01 4.640000e+00 2.247900e+02 4.734400e+02 0
-3.398500e+00 4.791800e+00 -5.520900e-01 -7.689800e-01 174 41 1.391200e+01 4.640000e+00 2.237900e+02 4.732300e+02 0
-3.418100e+00 4.790600e+00 1.513900e+00 -7.689800e-01 175 41 1.325700e+01 4.640000e+00 2.257700e+02 2.145200e+02 0
-3.246800e+00 4.990500e+00 -5.687700e-01 -7.689800e-01 176 41 1.230900e+01 4.640000e+00 2.611300e+02 4.709700e+02 0
6.286200e-01 1.122200e+00 -2.441700e-01 -7.689800e-01 193 41 1.198400e+01 4.640000e+00 9.775700e+02 7.047200e+02 0
-4.984800e-01 3.845600e+00 5.934900e+00 -7.689800e-01 204 41 1.159600e+01 4.640000e+00 5.747200e+02 -4.816400e+02 0
-2.617100e+00 6.023600e+00 3.850900e+00 -7.689800e-01 219 41 1.209900e+01 4.640000e+00 4.025600e+02 1.624000e+01 0
-2.449800e+00 6.296600e+00 3.584200e+00 -7.689800e-01 220 41 1.183700e+01 4.640000e+00 4.308700e+02 5.507200e+01 0
-2.798800e+00 6.080500e+00 3.980700e+00 -7.689800e-01 224 41 1.217700e+01 4.640000e+00 3.871700e+02 7.390800e+00 0
-2.034300e+00 4.549300e+00 6.432600e+00 -7.689800e-01 234 41 1.186700e+01 4.640000e+00 3.908800e+02 -4.089300e+02 0
-2.106900e+00 5.434400e+00 5.728100e+00 -7.689800e-01 235 41 1.206500e+01 4.640000e+00 4.295700e+02 -2.170400e+02 0
-1.987600e+00 5.174000e+00 6.052500e+00 -7.689800e-01 236 41 1.149200e+01 4.640000e+00 4.307900e+02 -2.801300e+02 0
-3.339500e+00 4.072300e+00 6.520400e+00 -7.689800e-01 241 41 1.117700e+01 4.640000e+00 1.726500e+02 -4.966300e+02 0
-2.947700e+00 7.811600e+00 5.855000e+00 -7.689800e-01 293 41 1.069700e+01 4.640000e+00 4.421000e+02 -5.418200e+01 0
-3.117700e+00 8.213600e+00 5.246000e+00 -7.689800e-01 294 41 1.071000e+01 4.640000e+00 4.413500e+02 8.329700e+00 0
-3.048100e+00 8.602200e+00 4.704400e+00 -7.689800e-01 295 41 1.075500e+01 4.640000e+00 4.572700e+02 6.020200e+01 0
-5.409000e+00 8.501200e+00 3.453700e+00 -7.689800e-01 306 41 1.222500e+01 4.640000e+00 2.856000e+02 1.444300e+02 0
-5.426800e+00 8.400100e+00 3.767100e+00 -7.689800e-01 307 41 1.221100e+01 4.640000e+00 2.798800e+02 1.202400e+02 0
-5.695800e+00 8.053900e+00 4.200400e+00 -7.689800e-01 308 41 1.123500e+01 4.640000e+00 2.432000e+02 7.941500e+01 0
-6.386600e+00 8.071300e+00 3.124800e+00 -7.689800e-01 309 41 1.118100e+01 4.640000e+00 1.916200e+02 1.576600e+02 0
-6.070100e+00 8.360000e+00 3.117200e+00 -7.689800e-01 310 41 1.134900e+01 4.640000e+00 2.310500e+02 1.647800e+02 0
-6.174300e+00 8.335000e+00 3.100400e+00 -7.689800e-01 311 41 1.131200e+01 4.640000e+00 2.221900e+02 1.654600e+02 0
-3.394100e+00 7.962100e+00 6.561200e+00 -7.689800e-01 312 41 1.158800e+01 4.640000e+00 4.130900e+02 -9.630500e+01 0
-5.362900e+00 8.896000e+00 3.290100e+00 -7.689800e-01 313 41 1.197500e+01 4.640000e+00 3.061800e+02 1.645000e+02 0
-5.151200e+00 8.597500e+00 4.943600e+00 -7.689800e-01 321 41 1.309200e+01 4.640000e+00 3.093400e+02 4.630100e+01 0
-5.079700e+00 8.459600e+00 5.320100e+00 -7.689800e-01 322 41 1.286600e+01 4.640000e+00 3.086800e+02 1.574200e+01 0
-5.042100e+00 8.866400e+00 5.801400e+00 -7.689800e-01 337 41 1.262700e+01 4.640000e+00 3.285900e+02 -7.003000e-02 0
-4.873200e+00 8.756400e+00 6.171800e+00 -7.689800e-01 338 41 1.280000e+01 4.640000e+00 3.359700e+02 -2.878600e+01 0
-4.703200e+00 8.606300e+00 6.568800e+00 -7.689800e-01 339 41 1.230900e+01 4.640000e+00 3.420500e+02 -6.176400e+01 0
-5.225400e+00 8.934800e+00 5.959700e+00 -7.689800e-01 343 41 1.134200e+01 4.640000e+00 3.191100e+02 -7.294000e+00 0
-4.959900e+00 9.556300e+00 5.250200e+00 -7.689800e-01 344 41 1.146000e+01 4.640000e+00 3.588800e+02 5.823700e+01 0
-4.786700e+00 9.806300e+00 5.025100e+00 -7.689800e-01 345 41 1.158100e+01 4.640000e+00 3.777100e+02 7.884800e+01 0
-4.305700e+00 1.002700e+01 6.722700e+00 -7.689800e-01 368 41 1.085400e+01 4.640000e+00 414 -1.313000e+01 0
-2.575600e+00 3.182500e+00 -4.170500e-01 -7.369400e-01 119 42 1.034500e+01 4.640000e+00 1.467800e+02 5.046100e+02 0
-2.629900e+00 3.101900e+00 -4.102900e-01 -7.369400e-01 120 42 1.045300e+01 4.640000e+00 1.218500e+02 5.068900e+02 0
-2.509000e+00 3.180700e+00 -4.169000e-01 -7.369400e-01 122 42 1.003100e+01 4.640000e+00 1.593700e+02 5.047700e+02 0
-2.596300e+00 3.277600e+00 -4.250300e-01 -7.369400e-01 123 42 1.061700e+01 4.640000e+00 1.587000e+02 5.019300e+02 0
-2.651200e+00 3.309700e+00 -4.277300e-01 -7.369400e-01 124 42 1.054700e+01 4.640000e+00 1.536700e+02 5.009900e+02 0
-2.615200e+00 3.211100e+00 2.253400e+00 -7.369400e-01 136 42 1.144900e+01 4.640000e+00 1.554800e+02 9.530200e+00 0
-2.560300e+00 3.301300e+00 2.259400e+00 -7.369400e-01 137 42 1.196700e+01 4.640000e+00 1.796000e+02 1.760900e+01 0
-2.616500e+00 3.389100e+00 2.135200e+00 -7.369400e-01 138 42 1.179500e+01 4.640000e+00 1.821300e+02 4.751400e+01 0
-2.673300e+00 3.578300e+00 1.810100e+00 -7.369400e-01 139 42 1.126000e+01 4.640000e+00 1.977900e+02 1.165200e+02 0
-2.540900e+00 3.603100e+00 2.031200e+00 -7.369400e-01 140 42 1.181800e+01 4.640000e+00 2.238800e+02 8.217600e+01 0
-2.444600e+00 3.644100e+00 2.156200e+00 -7.369400e-01 141 42 1.241000e+01 4.640000e+00 2.452600e+02 6.508400e+01 0
-2.423600e+00 3.630400e+00 2.279000e+00 -7.369400e-01 142 42 1.273900e+01 4.640000e+00 2.474200e+02 4.436700e+01 0
-2.595800e+00 3.669100e+00 2.095800e+00 -7.369400e-01 143 42 1.303600e+01 4.640000e+00 2.232800e+02 7.696700e+01 0
-2.731100e+00 3.782000e+00 1.782700e+00 -7.369400e-01 144 42 1.346200e+01 4.640000e+00 2.145100e+02 1.337300e+02 0
-2.868100e+00 3.800300e+00 1.619400e+00 -7.369400e-01 145 42 1.332100e+01 4.640000e+00 1.945600e+02 1.601600e+02 0
-3.323200e+00 3.741500e+00 -4.639600e-01 -7.369400e-01 146 42 1.280800e+01 4.640000e+00 1.054300e+02 4.900300e+02 0
-3.385900e+00 3.807000e+00 -4.694500e-01 -7.369400e-01 147 42 1.349000e+01 4.640000e+00 1.053900e+02 4.886400e+02 0
-3.449200e+00 3.784600e+00 -4.675700e-01 -7.369400e-01 148 42 1.347000e+01 4.640000e+00 9.174000e+01 489 0
-3.067200e+00 4.287400e+00 -5.097600e-01 -7.369400e-01 155 42 1.370200e+01 4.640000e+00 2.164600e+02 4.805800e+02 0
-3.238000e+00 4.809900e+00 1.569100e+00 -7.369400e-01 173 42 1.293200e+01 4.640000e+00 2.503800e+02 2.081700e+02 0
-3.398500e+00 4.703200e+00 1.683100e+00 -7.369400e-01 174 42 1.401500e+01 4.640000e+00 2.201900e+02 1.906800e+02 0
-3.465600e+00 4.660600e+00 1.787200e+00 -7.369400e-01 175 42 1.408600e+01 4.640000e+00 2.075400e+02 1.761300e+02 0
-3.533300e+00 4.553800e+00 2.032200e+00 -7.369400e-01 176 42 1.350200e+01 4.640000e+00 1.881700e+02 1.405800e+02 0
-3.409400e+00 3.884300e+00 3.326800e+00 -7.369400e-01 177 42 1.259500e+01 4.640000e+00 1.278200e+02 -8.664000e+01 0
-3.662900e+00 4.305900e+00 2.668500e+00 -7.369400e-01 180 42 1.258700e+01 4.640000e+00 1.440500e+02 4.324900e+01 0
-3.634200e+00 4.411100e+00 2.617500e+00 -7.369400e-01 181 42 1.270800e+01 4.640000e+00 1.603700e+02 5.713800e+01 0
5.211200e-02 4.659500e+00 -5.409900e-01 -7.369400e-01 192 42 1.214800e+01 4.640000e+00 6.775800e+02 4.781500e+02 0
2.095400e-01 4.955700e+00 -5.658400e-01 -7.369400e-01 193 42 1.217200e+01 4.640000e+00 6.991200e+02 4.743300e+02 0
3.686000e-01 5.335400e+00 -5.977000e-01 -7.369400e-01 194 42 1.170000e+01 4.640000e+00 7.180600e+02 4.700300e+02 0
-2.025600e+00 4.210100e+00 6.619500e+00 -7.369400e-01 233 42 1.142600e+01 4.640000e+00 3.694100e+02 -4.911600e+02 0
-2.097900e+00 4.541500e+00 6.417700e+00 -7.369400e-01 234 42 1.209400e+01 4.640000e+00 3.821400e+02 -4.080500e+02 0
-2.106900e+00 4.094200e+00 6.751400e+00 -7.369400e-01 235 42 1.220600e+01 4.640000e+00 3.494200e+02 -5.304500e+02 0
-2.180000e+00 5.648600e+00 5.540300e+00 -7.369400e-01 236 42 1.150700e+01 4.640000e+00 4.313300e+02 -1.771100e+02 0
-2.446800e+00 7.546700e+00 2.233800e+00 -7.369400e-01 237 42 1.181000e+01 4.640000e+00 4.736100e+02 2.102900e+02 0
-2.909800e+00 7.050600e+00 3.213800e+00 -7.369400e-01 238 42 1.185900e+01 4.640000e+00 4.183100e+02 1.183300e+02 0
-3.181800e+00 6.970400e+00 3.221000e+00 -7.369400e-01 239 42 1.126700e+01 4.640000e+00 3.914300e+02 1.152900e+02 0
-3.405000e+00 4.426400e+00 -5.214300e-01 -7.369400e-01 241 42 1.095500e+01 4.640000e+00 1.844000e+02 4.781400e+02 0
-5.191000e+00 8.476300e+00 3.527300e+00 -7.369400e-01 303 42 1.163200e+01 4.640000e+00 300 1.385800e+02 0
-5.658700e+00 8.399700e+00 3.298600e+00 -7.369400e-01 306 42 1.225000e+01 4.640000e+00 2.627900e+02 1.528200e+02 0
-5.677200e+00 8.349000e+00 3.502300e+00 -7.369400e-01 307 42 1.217200e+01 4.640000e+00 2.591300e+02 1.374200e+02 0
-4.929900e+00 8.133500e+00 5.665900e+00 -7.369400e-01 318 42 1.254800e+01 4.640000e+00 3.051600e+02 -2.203500e+01 0
-5.309200e+00 8.890800e+00 4.108300e+00 -7.369400e-01 320 42 1.231500e+01 4.640000e+00 3.102600e+02 1.107800e+02 0
-5.325800e+00 8.658000e+00 4.643900e+00 -7.369400e-01 321 42 1.290900e+01 4.640000e+00 2.995900e+02 6.853400e+01 0
-5.079700e+00 8.518000e+00 5.226100e+00 -7.369400e-01 322 42 1.273600e+01 4.640000e+00 3.111500e+02 2.435100e+01 0
-4.832000e+00 8.005900e+00 6.246100e+00 -7.369400e-01 323 42 1.235900e+01 4.640000e+00 3.070300e+02 -6.915300e+01 0
-4.847000e+00 7.990300e+00 6.317100e+00 -7.369400e-01 324 42 1.177200e+01 4.640000e+00 3.052500e+02 -7.495200e+01 0
-5.408700e+00 8.125200e+00 6.512900e+00 -7.369400e-01 337 42 1.138600e+01 4.640000e+00 2.705800e+02 -8.068100e+01 0
-4.781200e+00 7.757300e+00 7.448300e+00 -7.369400e-01 338 42 1.148700e+01 4.640000e+00 3.002000e+02 -1.693400e+02 0
-5.171400e+00 8.414900e+00 7.259900e+00 -7.369400e-01 352 42 1.094200e+01 4.640000e+00 3.018800e+02 -1.164900e+02 0
-2.617600e+00 3.083200e+00 -4.087200e-01 -7.049000e-01 118 43 1.087300e+01 4.640000e+00 1.208300e+02 5.074800e+02 0
-2.704400e+00 3.041500e+00 -4.052200e-01 -7.049000e-01 119 43 1.203500e+01 4.640000e+00 9.550400e+01 5.086100e+02 0
-2.824700e+00 2.994500e+00 -4.012700e-01 -7.049000e-01 120 43 1.267700e+01 4.640000e+00 6.156200e+01 5.098800e+02 0
-2.913900e+00 2.975600e+00 -3.996900e-01 -7.049000e-01 121 43 1.292400e+01 4.640000e+00 3.926800e+01 5.103300e+02 0
-2.971200e+00 2.989100e+00 -4.008200e-01 -7.049000e-01 122 43 1.236500e+01 4.640000e+00 3.051600e+01 5.097900e+02 0
-2.762800e+00 3.186400e+00 -4.173800e-01 -7.049000e-01 123 43 1.042500e+01 4.640000e+00 1.113300e+02 5.041900e+02 0
-2.718300e+00 3.157200e+00 -4.149300e-01 -7.049000e-01 124 43 1.139300e+01 4.640000e+00 1.146100e+02 5.051100e+02 0
-3.130800e+00 3.325100e+00 -4.290200e-01 -7.049000e-01 136 43 1.282300e+01 4.640000e+00 6.774900e+01 4.998500e+02 0
-3.079800e+00 3.345500e+00 -4.307300e-01 -7.049000e-01 137 43 1.260900e+01 4.640000e+00 8.083800e+01 4.994000e+02 0
-3.378800e+00 3.715800e+00 -4.618000e-01 -7.049000e-01 145 43 1.362900e+01 4.640000e+00 9.225900e+01 4.904800e+02 0
-3.521000e+00 3.627600e+00 -4.544000e-01 -7.049000e-01 146 43 1.450600e+01 4.640000e+00 5.392800e+01 4.921600e+02 0
-3.465600e+00 3.731100e+00 -4.630900e-01 -7.049000e-01 147 43 1.510200e+01 4.640000e+00 8.052900e+01 4.900600e+02 0
-3.449200e+00 3.799500e+00 -4.688200e-01 -7.049000e-01 148 43 1.504600e+01 4.640000e+00 9.407600e+01 4.887100e+02 0
-3.593800e+00 3.711900e+00 -4.614700e-01 -7.049000e-01 149 43 1.373600e+01 4.640000e+00 5.636800e+01 4.902900e+02 0
-3.319400e+00 4.107600e+00 1.598800e+00 -7.049000e-01 159 43 1.366100e+01 4.640000e+00 1.647700e+02 1.784500e+02 0
-3.560500e+00 4.574900e+00 1.821800e+00 -7.049000e-01 175 43 1.407100e+01 4.640000e+00 1.862900e+02 1.684500e+02 0
-3.581000e+00 4.522800e+00 2.018000e+00 -7.049000e-01 176 43 1.372300e+01 4.640000e+00 1.784400e+02 1.410200e+02 0
-3.418700e+00 4.208000e+00 3.111900e+00 -7.049000e-01 180 43 1.325600e+01 4.640000e+00 1.675100e+02 -2.462600e+01 0
-3.437800e+00 4.353700e+00 2.956900e+00 -7.049000e-01 181 43 1.344600e+01 4.640000e+00 1.813800e+02 8.154500e+00 0
-3.407500e+00 4.245300e+00 3.213000e+00 -7.049000e-01 182 43 1.291200e+01 4.640000e+00 1.738000e+02 -3.492900e+01 0
-1.563400e-01 3.955400e+00 -4.819100e-01 -7.049000e-01 192 43 1.191600e+01 4.640000e+00 6.404600e+02 4.897000e+02 0
5.238500e-02 4.830600e+00 -5.553400e-01 -7.049000e-01 193 43 1.198500e+01 4.640000e+00 6.782100e+02 4.758000e+02 0
3.762400e-01 5.830700e+00 -6.392700e-01 -7.049000e-01 198 43 1.152900e+01 4.640000e+00 7.168400e+02 4.651300e+02 0
-2.115900e+00 7.164300e+00 3.398700e+00 -7.049000e-01 236 43 1.175700e+01 4.640000e+00 4.905400e+02 1.061500e+02 0
-2.446800e+00 7.084300e+00 3.428500e+00 -7.049000e-01 237 43 1.177800e+01 4.640000e+00 4.596300e+02 1.012300e+02 0
-2.974500e+00 6.339700e+00 4.412100e+00 -7.049000e-01 238 43 1.146300e+01 4.640000e+00 3.828100e+02 -1.736500e+01 0
-5.500400e+00 8.641600e+00 4.467600e+00 -7.049000e-01 321 43 1.138300e+01 4.640000e+00 2.865900e+02 7.993900e+01 0
-5.618000e+00 8.625700e+00 6.526000e+00 -7.049000e-01 350 43 1.093000e+01 4.640000e+00 2.796500e+02 -5.666800e+01 0
-5.538600e+00 8.610200e+00 6.677900e+00 -7.049000e-01 351 43 1.067000e+01 4.640000e+00 2.845500e+02 -6.747300e+01 0
1.818200e+00 1.116300e+01 -1.086700e+00 -7.049000e-01 393 43 9.921700e+00 4.640000e+00 7.892000e+02 4.404800e+02 0
-2.745300e+00 2.938600e+00 -3.965900e-01 -6.728600e-01 118 44 1.031900e+01 4.640000e+00 6.613100e+01 5.118600e+02 0
-2.801000e+00 2.964800e+00 -3.987800e-01 -6.728600e-01 119 44 1.183100e+01 4.640000e+00 6.015900e+01 5.108900e+02 0
-2.889600e+00 2.934500e+00 -3.962400e-01 -6.728600e-01 120 44 1.314900e+01 4.640000e+00 3.521500e+01 5.117300e+02 0
-2.913900e+00 2.960600e+00 -3.984300e-01 -6.728600e-01 121 44 1.368900e+01 4.640000e+00 3.598100e+01 5.108200e+02 0
-2.971200e+00 2.966200e+00 -3.989000e-01 -6.728600e-01 122 44 1.323800e+01 4.640000e+00 2.543800e+01 5.105300e+02 0
-3.095600e+00 2.924900e+00 -3.954400e-01 -6.728600e-01 123 44 1.140700e+01 4.640000e+00 -9.764800e+00 5.116600e+02 0
-3.144200e+00 3.368100e+00 -4.326300e-01 -6.728600e-01 135 44 1.218800e+01 4.640000e+00 7.324800e+01 4.987300e+02 0
-3.241300e+00 3.325300e+00 -4.290300e-01 -6.728600e-01 136 44 1.304000e+01 4.640000e+00 4.752600e+01 4.996800e+02 0
-3.265300e+00 3.339000e+00 -4.301800e-01 -6.728600e-01 137 44 1.301700e+01 4.640000e+00 4.577600e+01 4.992900e+02 0
-3.214600e+00 3.408500e+00 -4.360100e-01 -6.728600e-01 138 44 1.270800e+01 4.640000e+00 6.793400e+01 4.976200e+02 0
-3.418100e+00 3.680300e+00 -4.588200e-01 -6.728600e-01 145 44 1.437000e+01 4.640000e+00 8.000700e+01 4.911700e+02 0
-3.521000e+00 3.619300e+00 -4.537000e-01 -6.728600e-01 146 44 1.528700e+01 4.640000e+00 5.248100e+01 4.923400e+02 0
-3.585100e+00 3.593500e+00 -4.515400e-01 -6.728600e-01 147 44 1.552100e+01 4.640000e+00 3.710200e+01 4.928100e+02 0
-3.609700e+00 3.612700e+00 -4.531500e-01 -6.728600e-01 148 44 1.495000e+01 4.640000e+00 3.641500e+01 4.923600e+02 0
-3.317700e+00 3.839900e+00 1.557800e+00 -6.728600e-01 153 44 1.356500e+01 4.640000e+00 1.290500e+02 1.722600e+02 0
-3.506500e+00 3.873100e+00 -4.750000e-01 -6.728600e-01 154 44 1.405500e+01 4.640000e+00 9.634100e+01 4.872200e+02 0
-3.613500e+00 3.881400e+00 -4.757000e-01 -6.728600e-01 155 44 1.402300e+01 4.640000e+00 8.081900e+01 4.869300e+02 0
-3.617800e+00 4.295000e+00 1.926600e+00 -6.728600e-01 171 44 1.313500e+01 4.640000e+00 1.465700e+02 1.420900e+02 0
-3.685800e+00 4.360000e+00 1.751800e+00 -6.728600e-01 172 44 1.340600e+01 4.640000e+00 1.446200e+02 1.687300e+02 0
-3.703000e+00 4.451400e+00 1.843500e+00 -6.728600e-01 175 44 1.315500e+01 4.640000e+00 1.535300e+02 1.605800e+02 0
-3.907600e+00 3.914000e+00 3.406800e+00 -6.728600e-01 187 44 1.182300e+01 4.640000e+00 5.778900e+01 -9.311200e+01 0
-3.673500e+00 4.350700e+00 3.197800e+00 -6.728600e-01 188 44 1.209800e+01 4.640000e+00 1.496800e+02 -2.299800e+01 0
-3.180200e+00 4.342400e+00 3.759800e+00 -6.728600e-01 189 44 1.237000e+01 4.640000e+00 2.173600e+02 -9.840900e+01 0
-3.094000e+00 4.319400e+00 3.916200e+00 -6.728600e-01 190 44 1.260900e+01 4.640000e+00 2.271100e+02 -1.214300e+02 0
-3.110400e+00 4.252100e+00 4.034100e+00 -6.728600e-01 191 44 1.253300e+01 4.640000e+00 2.180900e+02 -1.442100e+02 0
-3.178800e+00 4.483700e+00 3.779600e+00 -6.728600e-01 192 44 1.178000e+01 4.640000e+00 2.319400e+02 -8.701600e+01 0
-1.502800e+00 6.314000e+00 -6.798200e-01 -6.728600e-01 205 44 1.140400e+01 4.640000e+00 5.247000e+02 4.599400e+02 0
-5.637100e+00 7.254900e+00 4.343900e+00 -6.728600e-01 292 44 1.135300e+01 4.640000e+00 2.006200e+02 3.816800e+01 0
-5.895500e+00 7.193300e+00 4.182200e+00 -6.728600e-01 293 44 1.133200e+01 4.640000e+00 1.750400e+02 4.870100e+01 0
-3.026300e+00 2.701700e+00 -3.767100e-01 -6.408200e-01 119 45 1.039500e+01 4.640000e+00 -5.176200e+01 5.198700e+02 0
-2.922100e+00 2.883800e+00 -3.919900e-01 -6.408200e-01 120 45 1.201700e+01 4.640000e+00 1.687600e+01 5.133900e+02 0
-2.913900e+00 2.946200e+00 -3.972300e-01 -6.408200e-01 121 45 1.259800e+01 4.640000e+00 3.279600e+01 5.112900e+02 0
-2.938200e+00 2.984700e+00 -4.004500e-01 -6.408200e-01 122 45 1.216600e+01 4.640000e+00 3.628200e+01 510 0
-2.962500e+00 3.039000e+00 -4.050100e-01 -6.408200e-01 123 45 1.059900e+01 4.640000e+00 4.308200e+01 5.082300e+02 0
-3.273200e+00 2.923300e+00 -3.953000e-01 -6.408200e-01 130 45 1.211600e+01 4.640000e+00 -4.693300e+01 5.113900e+02 0
-3.121300e+00 3.033900e+00 -4.045800e-01 -6.408200e-01 131 45 1.246700e+01 4.640000e+00 1.013700e+01 5.081100e+02 0
-3.374700e+00 3.029200e+00 -4.041800e-01 -6.408200e-01 134 45 1.190900e+01 4.640000e+00 -4.161500e+01 5.078100e+02 0
-3.265300e+00 3.293300e+00 -4.263500e-01 -6.408200e-01 137 45 1.239500e+01 4.640000e+00 3.687600e+01 5.004700e+02 0
-3.252000e+00 3.257500e+00 -4.233400e-01 -6.408200e-01 138 45 1.295300e+01 4.640000e+00 3.222500e+01 5.014400e+02 0
-3.275700e+00 3.242300e+00 -4.220700e-01 -6.408200e-01 139 45 1.319800e+01 4.640000e+00 2.470800e+01 5.018200e+02 0
-3.337400e+00 3.248100e+00 -4.225600e-01 -6.408200e-01 140 45 1.304800e+01 4.640000e+00 1.437300e+01 5.015600e+02 0
-3.418100e+00 3.642300e+00 -4.556400e-01 -6.408200e-01 145 45 1.406400e+01 4.640000e+00 7.367500e+01 4.919800e+02 0
-3.521000e+00 3.607100e+00 -4.526800e-01 -6.408200e-01 146 45 1.480200e+01 4.640000e+00 5.034500e+01 4.926000e+02 0
-3.585100e+00 3.584100e+00 -4.507500e-01 -6.408200e-01 147 45 1.504500e+01 4.640000e+00 3.540700e+01 4.930200e+02 0
-3.649800e+00 3.551300e+00 -4.479900e-01 -6.408200e-01 148 45 1.455300e+01 4.640000e+00 1.835000e+01 4.936600e+02 0
-4.027100e+00 3.837500e+00 -4.720100e-01 -6.408200e-01 165 45 1.273300e+01 4.640000e+00 8.542100e+00 4.872700e+02 0
-4.006600e+00 3.961700e+00 -4.824400e-01 -6.408200e-01 166 45 1.318000e+01 4.640000e+00 3.284300e+01 485 0
-4.121500e+00 3.935000e+00 -4.802000e-01 -6.408200e-01 167 45 1.258600e+01 4.640000e+00 1.077800e+01 4.853500e+02 0
-3.987800e+00 3.943900e+00 1.722300e+00 -6.408200e-01 169 45 1.304500e+01 4.640000e+00 4.301000e+01 1.538300e+02 0
-4.149900e+00 3.894100e+00 1.564700e+00 -6.408200e-01 170 45 1.268000e+01 4.640000e+00 9.639900e+00 1.749900e+02 0
-3.520400e+00 4.201600e+00 3.550000e+00 -6.408200e-01 188 45 1.185700e+01 4.640000e+00 1.538100e+02 -8.387700e+01 0
-3.385400e+00 4.173700e+00 3.771800e+00 -6.408200e-01 189 45 1.184800e+01 4.640000e+00 1.700800e+02 -1.170400e+02 0
-3.351800e+00 4.326100e+00 3.690000e+00 -6.408200e-01 190 45 1.210000e+01 4.640000e+00 1.920300e+02 -9.041000e+01 0
-3.421400e+00 4.372100e+00 3.634300e+00 -6.408200e-01 191 45 1.224500e+01 4.640000e+00 1.875200e+02 -7.845600e+01 0
-2.094300e+00 6.087600e+00 -6.608300e-01 -6.408200e-01 203 45 1.114200e+01 4.640000e+00 4.570600e+02 4.613200e+02 0
-1.938500e+00 6.344500e+00 -6.823800e-01 -6.408200e-01 204 45 1.143500e+01 4.640000e+00 4.821300e+02 4.594600e+02 0
-1.669800e+00 6.524200e+00 -6.974600e-01 -6.408200e-01 205 45 1.113900e+01 4.640000e+00 5.139900e+02 4.583300e+02 0
-5.496300e+00 5.622600e+00 2.585200e+00 -6.408200e-01 238 45 1.142500e+01 4.640000e+00 7.440900e+01 1.266300e+02 0
-5.649400e+00 5.581800e+00 2.452100e+00 -6.408200e-01 239 45 1.186700e+01 4.640000e+00 5.350000e+01 1.389000e+02 0
-5.868800e+00 5.551000e+00 2.100300e+00 -6.408200e-01 240 45 1.100600e+01 4.640000e+00 2.567100e+01 1.745400e+02 0
-6.463000e+00 7.049500e+00 2.350500e+00 -6.408200e-01 283 45 1.103600e+01 4.640000e+00 1.136000e+02 1.928400e+02 0
-6.454000e+00 6.761800e+00 3.418900e+00 -6.408200e-01 286 45 1.109900e+01 4.640000e+00 9.309500e+01 9.480100e+01 0
-5.672300e+00 6.862700e+00 5.320800e+00 -6.408200e-01 298 45 1.138800e+01 4.640000e+00 1.724100e+02 -6.004500e+01 0
-5.854000e+00 6.937200e+00 5.090700e+00 -6.408200e-01 299 45 1.130400e+01 4.640000e+00 1.619300e+02 -3.670300e+01 0
-6.407600e+00 5.719600e+00 6.299600e+00 -6.408200e-01 306 45 1.099600e+01 4.640000e+00 3.444400e+00 -2.313700e+02 0
-3.231500e+00 2.897100e+00 -3.931000e-01 -6.087800e-01 127 46 1.077200e+01 4.640000e+00 -4.486700e+01 5.123500e+02 0
-3.257100e+00 2.818100e+00 -3.864700e-01 -6.087800e-01 128 46 1.128300e+01 4.640000e+00 -7.082400e+01 5.150400e+02 0
-3.282800e+00 2.771000e+00 -3.825200e-01 -6.087800e-01 129 46 1.139600e+01 4.640000e+00 -8.922000e+01 5.167000e+02 0
-3.132500e+00 2.858200e+00 1.521400e+00 -6.087800e-01 130 46 1.150000e+01 4.640000e+00 -1.977400e+01 1.164300e+02 0
-2.943900e+00 2.827600e+00 1.987400e+00 -6.087800e-01 131 46 1.167300e+01 4.640000e+00 1.529300e+01 1.860100e+01 0
-2.966600e+00 2.704300e+00 2.194700e+00 -6.087800e-01 132 46 1.070600e+01 4.640000e+00 -1.772500e+01 -3.983400e+01 0
-2.924800e+00 2.485600e+00 2.677200e+00 -6.087800e-01 135 46 1.190300e+01 4.640000e+00 -6.331100e+01 -1.820900e+02 0
-3.094000e+00 2.780000e+00 2.219600e+00 -6.087800e-01 136 46 1.211800e+01 4.640000e+00 -2.578000e+01 -3.390700e+01 0
-3.154000e+00 3.030500e+00 1.851100e+00 -6.087800e-01 137 46 1.200900e+01 4.640000e+00 1.731600e+01 6.719000e+01 0
-3.177200e+00 3.069300e+00 1.837400e+00 -6.087800e-01 138 46 1.249800e+01 4.640000e+00 2.102200e+01 7.343100e+01 0
-3.125100e+00 3.025200e+00 2.075700e+00 -6.087800e-01 139 46 1.268500e+01 4.640000e+00 2.319800e+01 2.408100e+01 0
-3.109800e+00 3.041600e+00 2.154700e+00 -6.087800e-01 140 46 1.240100e+01 4.640000e+00 3.008700e+01 1.095900e+01 0
-3.624900e+00 3.509100e+00 -4.444600e-01 -6.087800e-01 147 46 1.324300e+01 4.640000e+00 1.463000e+01 4.946500e+02 0
-3.730000e+00 3.422200e+00 -4.371600e-01 -6.087800e-01 148 46 1.337200e+01 4.640000e+00 -2.094300e+01 4.965400e+02 0
-3.916900e+00 3.349000e+00 -4.310200e-01 -6.087800e-01 149 46 1.347600e+01 4.640000e+00 -6.992900e+01 4.980600e+02 0
-4.065300e+00 3.248200e+00 -4.225600e-01 -6.087800e-01 150 46 1.306200e+01 4.640000e+00 -1.205900e+02 5.004200e+02 0
-4.037500e+00 3.375800e+00 -4.332700e-01 -6.087800e-01 152 46 1.309900e+01 4.640000e+00 -8.540700e+01 4.972200e+02 0
-4.022700e+00 3.422600e+00 -4.372000e-01 -6.087800e-01 153 46 1.331100e+01 4.640000e+00 -7.233800e+01 4.961100e+02 0
-4.141700e+00 3.873400e+00 -4.750300e-01 -6.087800e-01 166 46 1.277600e+01 4.640000e+00 -3.053900e+00 4.864500e+02 0
-4.348000e+00 3.775100e+00 -4.667800e-01 -6.087800e-01 167 46 1.210700e+01 4.640000e+00 -5.375600e+01 4.880800e+02 0
-3.896100e+00 3.910200e+00 1.988400e+00 -6.087800e-01 169 46 1.256900e+01 4.640000e+00 5.266600e+01 1.125900e+02 0
-3.873200e+00 3.851300e+00 2.236000e+00 -6.087800e-01 170 46 1.210900e+01 4.640000e+00 4.788200e+01 7.191800e+01 0
-4.130200e+00 3.976100e+00 2.014300e+00 -6.087800e-01 175 46 1.145400e+01 4.640000e+00 2.828000e+01 1.132500e+02 0
-3.908400e+00 3.890400e+00 3.752600e+00 -6.087800e-01 192 46 1.146000e+01 4.640000e+00 5.553400e+01 -1.453100e+02 0
-5.213900e+00 4.343300e+00 -5.144600e-01 -6.087800e-01 196 46 1.167600e+01 4.640000e+00 -7.729500e+01 4.775700e+02 0
-5.133700e+00 4.527000e+00 -5.298700e-01 -6.087800e-01 197 46 1.186100e+01 4.640000e+00 -3.607400e+01 4.750800e+02 0
-5.434900e+00 5.275600e+00 3.588900e+00 -6.087800e-01 241 46 1.133000e+01 4.640000e+00 4.557400e+01 3.320600e+00 0
-2.554000e+00 8.125400e+00 -8.318200e-01 -6.087800e-01 254 46 1.081500e+01 4.640000e+00 4.809100e+02 4.490200e+02 0
-6.698700e+00 5.907600e+00 3.894200e+00 -6.087800e-01 280 46 1.088800e+01 4.640000e+00 -1.209800e+01 1.291800e+01 0
-6.722700e+00 6 3.798000e+00 -6.087800e-01 281 46 1.144000e+01 4.640000e+00 -4.427700e+00 2.710400e+01 0
-6.670100e+00 6.094500e+00 3.830300e+00 -6.087800e-01 282 46 1.171600e+01 4.640000e+00 1.098100e+01 2.895900e+01 0
-6.616900e+00 6.426200e+00 3.451200e+00 -6.087800e-01 283 46 1.187300e+01 4.640000e+00 4.835200e+01 7.881700e+01 0
-6.640300e+00 6.765100e+00 2.796300e+00 -6.087800e-01 284 46 1.132100e+01 4.640000e+00 7.565900e+01 1.480300e+02 0
-6.298500e+00 6.513200e+00 4.119700e+00 -6.087800e-01 286 46 1.107100e+01 4.640000e+00 8.691800e+01 2.357100e+01 0
-6.179200e+00 6.534900e+00 5.236500e+00 -6.087800e-01 299 46 1.104000e+01 4.640000e+00 1.021400e+02 -7.186800e+01 0
-2.780500e+00 2.274500e+00 2.718700e+00 -5.767400e-01 130 47 1.079400e+01 4.640000e+00 -9.263600e+01 -2.407400e+02 0
-3.120700e+00 2.724000e+00 2.101200e+00 -5.767400e-01 134 47 1.151600e+01 4.640000e+00 -4.651200e+01 -1.692900e+01 0
-3.144200e+00 2.732900e+00 2.131900e+00 -5.767400e-01 135 47 1.206200e+01 4.640000e+00 -4.898000e+01 -2.203500e+01 0
-3.204500e+00 2.763800e+00 2.078600e+00 -5.767400e-01 136 47 1.209400e+01 4.640000e+00 -5.417600e+01 -6.751800e+00 0
-3.191100e+00 2.892500e+00 2.002100e+00 -5.767400e-01 137 47 1.179000e+01 4.640000e+00 -2.015000e+01 2.396800e+01 0
-3.139800e+00 2.859100e+00 2.204200e+00 -5.767400e-01 138 47 1.142300e+01 4.640000e+00 -1.622500e+01 -2.019100e+01 0
-3.957200e+00 3.293800e+00 -4.263900e-01 -5.767400e-01 149 47 1.252300e+01 4.640000e+00 -8.985000e+01 4.994000e+02 0
-4.037500e+00 3.307000e+00 -4.275000e-01 -5.767400e-01 152 47 1.292400e+01 4.640000e+00 -1.013200e+02 4.989400e+02 0
-4.022700e+00 3.320500e+00 -4.286300e-01 -5.767400e-01 153 47 1.291000e+01 4.640000e+00 -9.549500e+01 4.986200e+02 0
-4.354500e+00 3.335100e+00 2.082900e+00 -5.767400e-01 169 47 1.205000e+01 4.640000e+00 -1.323100e+02 5.653300e+01 0
-4.196000e+00 3.303200e+00 2.513300e+00 -5.767400e-01 170 47 1.243300e+01 4.640000e+00 -1.090400e+02 -2.037600e+01 0
-4.128000e+00 3.274900e+00 2.735300e+00 -5.767400e-01 171 47 1.261300e+01 4.640000e+00 -1.020700e+02 -6.175400e+01 0
-4.199000e+00 3.451600e+00 2.473600e+00 -5.767400e-01 172 47 1.236200e+01 4.640000e+00 -7.701400e+01 1.747200e+00 0
-5.267100e+00 4.312800e+00 -5.118900e-01 -5.767400e-01 196 47 1.229800e+01 4.640000e+00 -8.999500e+01 4.779600e+02 0
-5.347600e+00 4.270500e+00 -5.083500e-01 -5.767400e-01 197 47 1.231800e+01 4.640000e+00 -1.087900e+02 4.785100e+02 0
-5.321200e+00 4.349800e+00 -5.150000e-01 -5.767400e-01 198 47 1.128600e+01 4.640000e+00 -9.088100e+01 4.773700e+02 0
-3.376600e+00 6.777400e+00 -7.187100e-01 -5.767400e-01 222 47 1.064000e+01 4.640000e+00 3.627800e+02 4.557200e+02 0
-4.955800e+00 5.109900e+00 4.358400e+00 -5.767400e-01 240 47 1.074900e+01 4.640000e+00 8.272400e+01 -9.344600e+01 0
-5.369500e+00 5.422200e+00 3.466900e+00 -5.767400e-01 241 47 1.105100e+01 4.640000e+00 6.895500e+01 2.518900e+01 0
-5.523300e+00 5.688300e+00 2.823800e+00 -5.767400e-01 242 47 1.064400e+01 4.640000e+00 7.917300e+01 1.051500e+02 0
-6.927100e+00 6.013400e+00 3.285100e+00 -5.767400e-01 280 47 1.113700e+01 4.640000e+00 -2.437700e+01 7.645900e+01 0
-6.722700e+00 6.275300e+00 3.323300e+00 -5.767400e-01 281 47 1.108800e+01 4.640000e+00 2.332000e+01 8.407800e+01 0
-6.593400e+00 5.810700e+00 4.366500e+00 -5.767400e-01 282 47 1.127800e+01 4.640000e+00 -1.115800e+01 -3.842700e+01 0
-6.847700e+00 6.178500e+00 3.453300e+00 -5.767400e-01 283 47 1.164200e+01 4.640000e+00 1.920600e+00 6.813800e+01 0
-7.002400e+00 6.162100e+00 4.374300e+00 -5.767400e-01 296 47 1.060400e+01 4.640000e+00 -1.147700e+01 -1.673300e+01 0
-7.106900e+00 5.469900e+00 5.141200e+00 -5.767400e-01 297 47 1.065500e+01 4.640000e+00 -1.029200e+02 -1.388700e+02 0
-7.049900e+00 5.505900e+00 5.250400e+00 -5.767400e-01 298 47 1.045400e+01 4.640000e+00 -9.172700e+01 -1.468600e+02 0
-2.816800e+00 1.476500e+00 2.509400e+00 -5.447000e-01 117 48 1.031000e+01 4.640000e+00 -4.991500e+02 -4.631200e+02 0
-3.044900e+00 2.303800e+00 2.043100e+00 -5.447000e-01 125 48 1.075100e+01 4.640000e+00 -1.562100e+02 -6.875300e+01 0
-3.509800e+00 2.370800e+00 1.990100e+00 -5.447000e-01 135 48 1.121200e+01 4.640000e+00 -2.465100e+02 -4.215100e+01 0
-3.536000e+00 2.478200e+00 1.892900e+00 -5.447000e-01 136 48 1.144200e+01 4.640000e+00 -2.150200e+02 -3.346800e+00 0
-3.464000e+00 2.724600e+00 1.950400e+00 -5.447000e-01 139 48 1.142000e+01 4.640000e+00 -1.208000e+02 1.591300e+01 0
-3.602800e+00 2.760400e+00 1.721700e+00 -5.447000e-01 140 48 1.189900e+01 4.640000e+00 -1.419400e+02 6.782400e+01 0
-3.743300e+00 2.747100e+00 1.531500e+00 -5.447000e-01 141 48 1.173100e+01 4.640000e+00 -1.772400e+02 1.064700e+02 0
-4.119900e+00 3.072900e+00 -4.078600e-01 -5.447000e-01 152 48 1.220100e+01 4.640000e+00 -1.767000e+02 5.052100e+02 0
-4.271600e+00 3.033300e+00 -4.045300e-01 -5.447000e-01 153 48 1.245800e+01 4.640000e+00 -2.175100e+02 5.061300e+02 0
-4.466600e+00 2.905500e+00 -3.938000e-01 -5.447000e-01 154 48 1.227900e+01 4.640000e+00 -2.962700e+02 5.097700e+02 0
-4.369800e+00 3.025500e+00 -4.038800e-01 -5.447000e-01 155 48 1.286800e+01 4.640000e+00 -2.390200e+02 5.061900e+02 0
-4.313600e+00 3.065300e+00 -4.072100e-01 -5.447000e-01 156 48 1.307100e+01 4.640000e+00 -2.163500e+02 5.051100e+02 0
-4.341400e+00 3.036800e+00 -4.048300e-01 -5.447000e-01 157 48 1.271600e+01 4.640000e+00 -2.301000e+02 5.059000e+02 0
-4.257400e+00 3.337800e+00 2.083900e+00 -5.447000e-01 167 48 1.244100e+01 4.640000e+00 -1.148300e+02 5.633900e+01 0
-4.237500e+00 3.362900e+00 2.179300e+00 -5.447000e-01 168 48 1.237600e+01 4.640000e+00 -1.049700e+02 4.234100e+01 0
-4.217000e+00 3.351900e+00 2.324900e+00 -5.447000e-01 169 48 1.211600e+01 4.640000e+00 -1.029200e+02 1.667800e+01 0
-4.149900e+00 3.497700e+00 2.319200e+00 -5.447000e-01 170 48 1.208500e+01 4.640000e+00 -6.016100e+01 3.113100e+01 0
-5.099300e+00 3.289200e+00 -4.260000e-01 -5.447000e-01 179 48 1.143600e+01 4.640000e+00 -2.967800e+02 4.977900e+02 0
-4.691500e+00 3.501200e+00 2.385000e+00 -5.447000e-01 182 48 1.148100e+01 4.640000e+00 -1.484100e+02 2.237100e+01 0
-4.717400e+00 3.764600e+00 1.993300e+00 -5.447000e-01 183 48 1.146200e+01 4.640000e+00 -9.875600e+01 1.042700e+02 0
-3.316300e+00 6.496000e+00 -6.950900e-01 -5.447000e-01 222 48 1.089300e+01 4.640000e+00 3.542800e+02 4.575900e+02 0
-7.127900e+00 5.258700e+00 3.711400e+00 -5.447000e-01 276 48 1.117100e+01 4.640000e+00 -1.416400e+02 -7.301600e+00 0
-7.078500e+00 5.744700e+00 3.726000e+00 -5.447000e-01 283 48 1.139700e+01 4.640000e+00 -6.980400e+01 2.071700e+01 0
-6.986800e+00 5.650500e+00 4.747200e+00 -5.447000e-01 292 48 1.057200e+01 4.640000e+00 -6.852300e+01 -8.568800e+01 0
-2.985900e+00 2.504200e+00 -3.601300e-01 -5.126600e-01 115 49 1.016000e+01 4.640000e+00 -1.002400e+02 5.283000e+02 0
-2.918000e+00 2.301700e+00 1.522200e+00 -5.126600e-01 116 49 1.062800e+01 4.640000e+00 -1.307300e+02 5.857300e+01 0
-2.975000e+00 1.954200e+00 1.934400e+00 -5.126600e-01 117 49 1.082800e+01 4.640000e+00 -2.807700e+02 -1.109300e+02 0
-3.096400e+00 2.007400e+00 1.754400e+00 -5.126600e-01 118 49 1.071400e+01 4.640000e+00 -2.935300e+02 -4.812000e+01 0
-3.187300e+00 2.102800e+00 1.549600e+00 -5.126600e-01 119 49 1.048300e+01 4.640000e+00 -2.786600e+02 2.501700e+01 0
-3.483600e+00 2.193200e+00 2.151500e+00 -5.126600e-01 134 49 1.155400e+01 4.640000e+00 -3.091600e+02 -1.139800e+02 0
-3.473200e+00 2.521100e+00 1.865600e+00 -5.126600e-01 135 49 1.208400e+01 4.640000e+00 -1.863000e+02 8.411400e+00 0
-3.499200e+00 2.642900e+00 1.731700e+00 -5.126600e-01 136 49 1.167700e+01 4.640000e+00 -1.546000e+02 5.284000e+01 0
-4.325900e+00 3.015200e+00 -4.030100e-01 -5.126600e-01 152 49 1.209100e+01 4.640000e+00 -2.335400e+02 5.065800e+02 0
-4.396000e+00 2.972500e+00 -3.994300e-01 -5.126600e-01 153 49 1.230400e+01 4.640000e+00 -2.604800e+02 5.077700e+02 0
-4.550100e+00 2.799600e+00 -3.849200e-01 -5.126600e-01 154 49 1.169700e+01 4.640000e+00 -3.501900e+02 5.131700e+02 0
-4.411800e+00 2.921100e+00 -3.951200e-01 -5.126600e-01 155 49 1.212200e+01 4.640000e+00 -2.800400e+02 5.093600e+02 0
-4.398200e+00 2.907300e+00 -3.939500e-01 -5.126600e-01 156 49 1.259100e+01 4.640000e+00 -2.818100e+02 5.098400e+02 0
-4.384000e+00 2.934100e+00 -3.962100e-01 -5.126600e-01 157 49 1.262500e+01 4.640000e+00 -2.702400e+02 509 0
-4.454900e+00 2.892000e+00 -3.926700e-01 -5.126600e-01 158 49 1.261300e+01 4.640000e+00 -2.983900e+02 5.102300e+02 0
-4.483300e+00 2.948200e+00 -3.973900e-01 -5.126600e-01 159 49 1.295900e+01 4.640000e+00 -2.855800e+02 5.083700e+02 0
-4.511700e+00 2.963300e+00 -3.986600e-01 -5.126600e-01 160 49 1.318100e+01 4.640000e+00 -2.863700e+02 5.078500e+02 0
-4.496400e+00 2.991400e+00 -4.010200e-01 -5.126600e-01 161 49 1.309800e+01 4.640000e+00 -2.743700e+02 5.070100e+02 0
-4.436600e+00 3.012500e+00 1.689900e+00 -5.126600e-01 162 49 1.272800e+01 4.640000e+00 -2.354400e+02 9.970400e+01 0
-4.375800e+00 3.074500e+00 1.846100e+00 -5.126600e-01 163 49 1.235900e+01 4.640000e+00 -2.047800e+02 7.567400e+01 0
-4.402800e+00 3.193700e+00 1.679400e+00 -5.126600e-01 164 49 1.218200e+01 4.640000e+00 -1.791100e+02 1.156900e+02 0
-4.501800e+00 3.153000e+00 1.731100e+00 -5.126600e-01 166 49 1.152100e+01 4.640000e+00 -2.075100e+02 1.035400e+02 0
-4.348000e+00 3.377700e+00 1.815200e+00 -5.126600e-01 167 49 1.243400e+01 4.640000e+00 -1.231900e+02 1.053800e+02 0
-4.328600e+00 3.306400e+00 2.084700e+00 -5.126600e-01 168 49 1.231600e+01 4.640000e+00 -1.346000e+02 5.363200e+01 0
-4.400300e+00 2.879500e+00 2.601700e+00 -5.126600e-01 169 49 1.186300e+01 4.640000e+00 -2.595300e+02 -8.937400e+01 0
-5.002200e+00 3.034200e+00 2.101100e+00 -5.126600e-01 179 49 1.132700e+01 4.640000e+00 -3.311700e+02 2.663400e+01 0
-5.079200e+00 2.714000e+00 2.432000e+00 -5.126600e-01 180 49 1.108600e+01 4.640000e+00 -4.554600e+02 -7.728100e+01 0
-6.924600e+00 4.982400e+00 4.920900e+00 -5.126600e-01 283 49 1.087400e+01 4.640000e+00 -1.557500e+02 -1.608200e+02 0
-6.563100e+00 5.427300e+00 5.014900e+00 -5.126600e-01 284 49 1.039600e+01 4.640000e+00 -5.226200e+01 -1.312600e+02 0
-3.143100e+00 2.009500e+00 1.909300e+00 -4.806200e-01 121 50 1.097300e+01 4.640000e+00 -3.033400e+02 -9.049600e+01 0
-3.235300e+00 1.955300e+00 1.888400e+00 -4.806200e-01 122 50 1.098200e+01 4.640000e+00 -3.563900e+02 -9.570700e+01 0
-3.389500e+00 2.360700e+00 -3.480900e-01 -4.806200e-01 124 50 1.071400e+01 4.640000e+00 -2.502600e+02 5.341600e+02 0
-3.417000e+00 2.282800e+00 -3.415600e-01 -4.806200e-01 125 50 1.106800e+01 4.640000e+00 -2.891000e+02 5.381500e+02 0
-3.327000e+00 2.593000e+00 2.026600e+00 -4.806200e-01 135 50 1.154900e+01 4.640000e+00 -1.289100e+02 -1.799600e+01 0
-4.251400e+00 2.801800e+00 -3.851000e-01 -4.806200e-01 148 50 1.146900e+01 4.640000e+00 -2.868000e+02 5.136700e+02 0
-4.320700e+00 2.748300e+00 -3.806100e-01 -4.806200e-01 149 50 1.110500e+01 4.640000e+00 -3.202500e+02 5.154400e+02 0
-4.624600e+00 2.439700e+00 -3.547200e-01 -4.806200e-01 151 50 1.132600e+01 4.640000e+00 -5.170700e+02 5.272900e+02 0
-4.490600e+00 2.747200e+00 -3.805200e-01 -4.806200e-01 152 50 1.219200e+01 4.640000e+00 -3.569300e+02 5.151400e+02 0
-4.520400e+00 2.777700e+00 -3.830800e-01 -4.806200e-01 153 50 1.215400e+01 4.640000e+00 -3.519500e+02 5.139900e+02 0
-4.583400e+00 2.794000e+00 -3.844500e-01 -4.806200e-01 158 50 1.268800e+01 4.640000e+00 -3.591900e+02 5.133000e+02 0
-4.612600e+00 2.825200e+00 -3.870700e-01 -4.806200e-01 159 50 1.319000e+01 4.640000e+00 -3.539200e+02 5.121700e+02 0
-4.641800e+00 2.812200e+00 -3.859800e-01 -4.806200e-01 160 50 1.321900e+01 4.640000e+00 -3.647000e+02 5.125500e+02 0
-4.627300e+00 2.836600e+00 -3.880300e-01 -4.806200e-01 161 50 1.284200e+01 4.640000e+00 -3.528700e+02 5.117500e+02 0
-4.656300e+00 2.739500e+00 1.558500e+00 -4.806200e-01 162 50 1.209800e+01 4.640000e+00 -3.702300e+02 1.027600e+02 0
-4.787800e+00 2.818000e+00 -3.864600e-01 -4.806200e-01 165 50 1.139600e+01 4.640000e+00 -3.928200e+02 5.120800e+02 0
-4.817000e+00 2.919000e+00 -3.949400e-01 -4.806200e-01 166 50 1.174300e+01 4.640000e+00 -3.621300e+02 5.087000e+02 0
-4.755600e+00 3.105400e+00 -4.105800e-01 -4.806200e-01 167 50 1.156600e+01 4.640000e+00 -2.888400e+02 5.032200e+02 0
-4.898000e+00 3.519900e+00 2.503900e+00 -4.806200e-01 188 50 1.074200e+01 4.640000e+00 -1.769600e+02 5.698200e+00 0
-4.975500e+00 3.634200e+00 2.268100e+00 -4.806200e-01 189 50 1.058100e+01 4.640000e+00 -1.649500e+02 5.312900e+01 0
-6.016100e+00 5.476800e+00 2.649500e+00 -4.806200e-01 246 50 1.099700e+01 4.640000e+00 3.111200e+00 1.145800e+02 0
-6.309100e+00 4.999600e+00 3.001200e+00 -4.806200e-01 247 50 1.101900e+01 4.640000e+00 -9.203600e+01 5.267500e+01 0
-7.001600e+00 3.960100e+00 5.682100e+00 -4.806200e-01 283 50 1.037200e+01 4.640000e+00 -3.604700e+02 -3.851200e+02 0
-3.418100e+00 6.293100e-01 2.081300e+00 -4.485700e-01 117 51 1.104900e+01 4.640000e+00 -2.311800e+03 -1.034600e+03 0
-3.415700e+00 1.573600e+00 1.597700e+00 -4.485700e-01 118 51 1.093000e+01 4.640000e+00 -6.639300e+02 -9.605900e+01 0
-3.477100e+00 1.625900e+00 -2.864300e-01 -4.485700e-01 119 51 1.007600e+01 4.640000e+00 -6.979600e+02 5.871600e+02 0
-3.214300e+00 1.858100e+00 1.867400e+00 -4.485700e-01 120 51 1.049600e+01 4.640000e+00 -4.020500e+02 -1.121100e+02 0
-3.175800e+00 2.041800e+00 1.818800e+00 -4.485700e-01 121 51 1.128700e+01 4.640000e+00 -2.989600e+02 -5.876100e+01 0
-3.301300e+00 1.975000e+00 1.748500e+00 -4.485700e-01 122 51 1.105600e+01 4.640000e+00 -3.678100e+02 -5.151300e+01 0
-3.288800e+00 2.453300e+00 -3.558700e-01 -4.485700e-01 124 51 1.107700e+01 4.640000e+00 -1.906600e+02 5.299100e+02 0
-3.315500e+00 2.315900e+00 1.548200e+00 -4.485700e-01 125 51 1.104000e+01 4.640000e+00 -2.251000e+02 5.552700e+01 0
-4.222400e+00 2.780500e+00 -3.833200e-01 -4.485700e-01 147 51 1.082300e+01 4.640000e+00 -288 5.144800e+02 0
-4.291500e+00 2.804400e+00 -3.853300e-01 -4.485700e-01 148 51 1.133100e+01 4.640000e+00 -2.943100e+02 5.135000e+02 0
-4.320700e+00 2.831300e+00 -3.875800e-01 -4.485700e-01 149 51 1.140600e+01 4.640000e+00 -2.912300e+02 5.125100e+02 0
-4.390500e+00 2.682200e+00 -3.750700e-01 -4.485700e-01 150 51 1.138700e+01 4.640000e+00 -3.598600e+02 5.177600e+02 0
-4.501800e+00 2.495600e+00 -3.594100e-01 -4.485700e-01 151 51 1.144900e+01 4.640000e+00 -4.623400e+02 5.251000e+02 0
-4.490600e+00 2.655800e+00 -3.728600e-01 -4.485700e-01 152 51 1.181800e+01 4.640000e+00 -3.920500e+02 5.185600e+02 0
-4.561900e+00 2.668500e+00 -3.739200e-01 -4.485700e-01 153 51 1.167900e+01 4.640000e+00 -4.026000e+02 5.179200e+02 0
-4.877300e+00 2.684900e+00 -3.753000e-01 -4.485700e-01 165 51 1.168100e+01 4.640000e+00 -4.643000e+02 5.166500e+02 0
-4.952000e+00 2.786200e+00 -3.838000e-01 -4.485700e-01 166 51 1.203900e+01 4.640000e+00 -4.390500e+02 5.128500e+02 0
-4.936700e+00 2.902900e+00 -3.935900e-01 -4.485700e-01 167 51 1.179000e+01 4.640000e+00 -3.918400e+02 509 0
-5.072100e+00 2.550700e+00 1.613200e+00 -4.485700e-01 170 51 1.129500e+01 4.640000e+00 -5.348000e+02 7.400600e+01 0
-5.009300e+00 2.620300e+00 1.813400e+00 -4.485700e-01 171 51 1.149400e+01 4.640000e+00 -4.878400e+02 3.824000e+01 0
-5.058400e+00 2.912200e+00 2.334000e+00 -4.485700e-01 181 51 1.070800e+01 4.640000e+00 -3.795800e+02 -3.082800e+01 0
-6.040600e+00 5.274400e+00 3.082100e+00 -4.485700e-01 247 51 1.007600e+01 4.640000e+00 -2.325000e+01 5.882600e+01 0
-6.089800e+00 5.737600e+00 2.237600e+00 -4.485700e-01 249 51 1.054200e+01 4.640000e+00 2.433200e+01 1.667800e+02 0
-6.454000e+00 5.059900e+00 2.891800e+00 -4.485700e-01 250 51 1.110600e+01 4.640000e+00 -1.001700e+02 6.867300e+01 0
-6.479900e+00 4.710900e+00 3.470700e+00 -4.485700e-01 251 51 1.107300e+01 4.640000e+00 -1.557900e+02 -2.069400e+01 0
-6.300400e+00 4.518900e+00 4.089400e+00 -4.485700e-01 252 51 1.076800e+01 4.640000e+00 -1.635600e+02 -1.121900e+02 0
-7.550500e+00 3.151300e+00 4.962300e+00 -4.485700e-01 275 51 1.095200e+01 4.640000e+00 -7.007500e+02 -4.344900e+02 0
-7.728100e+00 2.539900e+00 5.104900e+00 -4.485700e-01 276 51 1.088200e+01 4.640000e+00 -1.022900e+03 -6.259100e+02 0
-7.283400e+00 4.605100e+00 4.695600e+00 -4.485700e-01 282 51 1.079000e+01 4.640000e+00 -2.649600e+02 -1.726500e+02 0
-7.232400e+00 4.282300e+00 5.132800e+00 -4.485700e-01 283 51 1.075400e+01 4.640000e+00 -3.216100e+02 -2.645900e+02 0
-4.268600e+00 2.824500e+00 -3.870100e-01 -4.165300e-01 150 52 1.054900e+01 4.640000e+00 -2.826900e+02 5.128500e+02 0
-4.379100e+00 2.771000e+00 -3.825200e-01 -4.165300e-01 151 52 1.094500e+01 4.640000e+00 -3.245000e+02 5.145100e+02 0
-4.490600e+00 2.734800e+00 -3.794800e-01 -4.165300e-01 152 52 1.098800e+01 4.640000e+00 -3.615600e+02 5.155900e+02 0
-4.561900e+00 2.690200e+00 -3.757400e-01 -4.165300e-01 153 52 1.076100e+01 4.640000e+00 -394 5.171000e+02 0
-4.550100e+00 2.621200e+00 -3.699500e-01 -4.165300e-01 154 52 1.076500e+01 4.640000e+00 -4.192200e+02 5.197800e+02 0
-4.411800e+00 2.767600e+00 -3.822400e-01 -4.165300e-01 155 52 1.088000e+01 4.640000e+00 -3.326700e+02 5.145700e+02 0
-4.567300e+00 2.662100e+00 -3.733800e-01 -4.165300e-01 156 52 1.152200e+01 4.640000e+00 -4.063700e+02 5.181500e+02 0
-4.767000e+00 2.466300e+00 -3.569500e-01 -4.165300e-01 157 52 1.244500e+01 4.640000e+00 -5.377300e+02 5.257700e+02 0
-4.840400e+00 2.428600e+00 -3.537900e-01 -4.165300e-01 158 52 1.253300e+01 4.640000e+00 -5.735400e+02 5.272800e+02 0
-4.952000e+00 2.702000e+00 -3.767300e-01 -4.165300e-01 166 52 1.201900e+01 4.640000e+00 -4.732300e+02 5.158700e+02 0
-4.982000e+00 2.705200e+00 -3.770000e-01 -4.165300e-01 167 52 1.159300e+01 4.640000e+00 -4.782800e+02 5.156800e+02 0
-5.026000e+00 2.659000e+00 1.582300e+00 -4.165300e-01 170 52 1.189400e+01 4.640000e+00 -4.785200e+02 9.141200e+01 0
-5.009300e+00 2.616800e+00 1.818500e+00 -4.165300e-01 171 52 1.214900e+01 4.640000e+00 -4.892500e+02 3.675200e+01 0
-4.992100e+00 2.608600e+00 1.984200e+00 -4.165300e-01 172 52 1.165600e+01 4.640000e+00 -4.865900e+02 4.098900e-01 0
-6.657800e+00 4.649500e+00 3.110400e+00 -4.165300e-01 250 52 1.058800e+01 4.640000e+00 -1.901500e+02 1.826400e+01 0
-6.684500e+00 4.556300e+00 3.284000e+00 -4.165300e-01 251 52 1.045500e+01 4.640000e+00 -2.094400e+02 -9.549700e+00 0
-7.969900e+00 2.541200e+00 4.574000e+00 -4.165300e-01 274 52 1.085000e+01 4.640000e+00 -1.081300e+03 -5.202200e+02 0
-4.732700e+00 1.821100e+00 -3.028100e-01 -3.844900e-01 148 53 1.045800e+01 4.640000e+00 -9.440200e+02 5.640300e+02 0
-4.724500e+00 1.846300e+00 -3.049300e-01 -3.844900e-01 149 53 1.040100e+01 4.640000e+00 -9.202000e+02 5.620900e+02 0
-4.531800e+00 2.692200e+00 -3.759100e-01 -3.844900e-01 152 53 1.095700e+01 4.640000e+00 -3.867300e+02 5.170900e+02 0
-4.686300e+00 2.449000e+00 -3.555000e-01 -3.844900e-01 153 53 1.132400e+01 4.640000e+00 -5.271700e+02 5.267300e+02 0
-4.758800e+00 2.191900e+00 -3.339200e-01 -3.844900e-01 154 53 1.098700e+01 4.640000e+00 -6.840300e+02 5.393700e+02 0
-4.767000e+00 2.365800e+00 -3.485200e-01 -3.844900e-01 157 53 1.151400e+01 4.640000e+00 -5.882100e+02 5.303900e+02 0
-4.883300e+00 2.255400e+00 -3.392600e-01 -3.844900e-01 158 53 1.156800e+01 4.640000e+00 -6.779900e+02 5.356000e+02 0
-5.055700e+00 2.872400e+00 -3.910300e-01 -3.844900e-01 171 53 1.119100e+01 4.640000e+00 -4.270600e+02 5.097600e+02 0
-5.032200e+00 2.617800e+00 2.179300e+00 -3.844900e-01 175 53 1.079500e+01 4.640000e+00 -4.883900e+02 -3.946400e+01 0
-5.013400e+00 2.560400e+00 2.379400e+00 -3.844900e-01 176 53 1.142000e+01 4.640000e+00 -5.059200e+02 -9.078300e+01 0
-4.994000e+00 2.842100e+00 2.182100e+00 -3.844900e-01 177 53 1.088700e+01 4.640000e+00 -3.934900e+02 -1.049000e+01 0
-8.281200e+00 1.809000e+00 4.209600e+00 -3.844900e-01 272 53 1.068100e+01 4.640000e+00 -1.765200e+03 -7.152400e+02 0
-8.089100e+00 2.178300e+00 4.478300e+00 -3.844900e-01 273 53 1.123600e+01 4.640000e+00 -1.360900e+03 -6.220600e+02 0
-7.969900e+00 1.907700e+00 4.872400e+00 -3.844900e-01 274 53 1.126300e+01 4.640000e+00 -1.558700e+03 -8.354800e+02 0
-7.849600e+00 2.346500e+00 4.944100e+00 -3.844900e-01 275 53 1.088700e+01 4.640000e+00 -1.172800e+03 -6.607700e+02 0
-4.643700e+00 2.228900e+00 -3.370300e-01 -3.524500e-01 149 54 1.016300e+01 4.640000e+00 -6.325300e+02 5.376700e+02 0
-4.837700e+00 1.883200e+00 -3.080300e-01 -3.524500e-01 150 54 9.986000e+00 4.640000e+00 -9.233900e+02 5.588800e+02 0
-4.779000e+00 2.195900e+00 -3.342600e-01 -3.524500e-01 152 54 1.021700e+01 4.640000e+00 -6.868000e+02 5.390900e+02 0
-4.810700e+00 2.222700e+00 -3.365100e-01 -3.524500e-01 153 54 1.039500e+01 4.640000e+00 -6.788900e+02 5.375400e+02 0
-4.874000e+00 2.028100e+00 -3.201800e-01 -3.524500e-01 155 54 1.071600e+01 4.640000e+00 -8.227000e+02 5.487800e+02 0
-4.905600e+00 2.001900e+00 -3.179900e-01 -3.524500e-01 156 54 1.075000e+01 4.640000e+00 -8.505500e+02 5.503800e+02 0
-5.440900e+00 1.877800e+00 -3.075700e-01 -3.524500e-01 170 54 1.147600e+01 4.640000e+00 -1.104700e+03 5.571200e+02 0
-5.380400e+00 2.200800e+00 -3.346800e-01 -3.524500e-01 171 54 1.194900e+01 4.640000e+00 -8.377200e+02 5.371400e+02 0
-5.318700e+00 2.483400e+00 -3.583800e-01 -3.524500e-01 172 54 1.136200e+01 4.640000e+00 -6.565100e+02 5.237500e+02 0
-4.984800e+00 2.419900e+00 2.494400e+00 -3.524500e-01 175 54 1.109100e+01 4.640000e+00 -5.618100e+02 -1.410300e+02 0
-5.013400e+00 2.389500e+00 2.551000e+00 -3.524500e-01 176 54 1.158900e+01 4.640000e+00 -5.820800e+02 -1.595400e+02 0
-4.898000e+00 2.590200e+00 2.660900e+00 -3.524500e-01 177 54 1.106400e+01 4.640000e+00 -4.644700e+02 -1.458900e+02 0
-8.014900e+00 3.373500e+00 3.822900e+00 -3.524500e-01 273 54 1.088200e+01 4.640000e+00 -7.061500e+02 -2.084400e+02 0
-7.895400e+00 2.272500e+00 4.837000e+00 -3.524500e-01 274 54 1.077300e+01 4.640000e+00 -1237 -6.658500e+02 0
-7.849600e+00 1.830000e+00 5.157600e+00 -3.524500e-01 275 54 1.098600e+01 4.640000e+00 -1.595700e+03 -950 0
-7.803200e+00 3.748400e+00 4.158700e+00 -3.524500e-01 276 54 1.067500e+01 4.640000e+00 -5.444400e+02 -2.051800e+02 0
-8.437000e+00 4.783000e+00 2.793800e+00 -3.524500e-01 290 54 1.038600e+01 4.640000e+00 -3.791700e+02 6.783800e+01 0
4.365400e-01 7.230400e-01 -2.106700e-01 -2.883700e-01 26 56 9.691800e+00 4.640000e+00 9.602800e+02 8.846000e+02 0
-5 1.811800e+00 -3.020300e-01 -2.883700e-01 155 56 1.027300e+01 4.640000e+00 -1.033700e+03 5.637500e+02 0
-4.947900e+00 1.809700e+00 -3.018600e-01 -2.883700e-01 156 56 1.037500e+01 4.640000e+00 -1.019700e+03 5.641100e+02 0
-4.937300e+00 1.481900e+00 1.763000e+00 -2.883700e-01 157 56 1.071800e+01 4.640000e+00 -1276 -1.667200e+02 0
-5.054600e+00 1.651200e+00 -2.885600e-01 -2.883700e-01 158 56 1.112500e+01 4.640000e+00 -1.210600e+03 5.773700e+02 0
-5.129900e+00 1.828100e+00 -3.034000e-01 -2.883700e-01 159 56 1.108200e+01 4.640000e+00 -1.058100e+03 5.619800e+02 0
-5.359100e+00 1.441400e+00 -2.709500e-01 -2.883700e-01 162 56 1.116900e+01 4.640000e+00 -1.581600e+03 5.981200e+02 0
-5.348200e+00 1.525600e+00 -2.780200e-01 -2.883700e-01 163 56 1.079300e+01 4.640000e+00 -1.460300e+03 5.886300e+02 0
-5.795100e+00 1.918100e+00 -3.109500e-01 -2.883700e-01 178 56 1.046600e+01 4.640000e+00 -1.169300e+03 5.530500e+02 0
-8.570900e+00 2.507300e+00 3.809300e+00 -2.883700e-01 279 56 1.106100e+01 4.640000e+00 -1.239300e+03 -3.731400e+02 0
-8.601800e+00 2.741000e+00 3.665300e+00 -2.883700e-01 280 56 1.139600e+01 4.640000e+00 -1.103400e+03 -2.911000e+02 0
0 0 -1.500000e-01 -1.602100e-01 1 60 9.595500e+00 4.640000e+00 2167 -3.612800e+03 0
-1.909900e-03 3.461700e-02 -1.529000e-01 -1.602100e-01 2 60 9.239300e+00 4.640000e+00 3.495300e+03 -7.158800e+03 0
0 0 -1.500000e-01 -1.281600e-01 1 61 9.958800e+00 4.640000e+00 2167 -3.612800e+03 0
-4.911100e-03 3.251300e-02 -1.527300e-01 -1.281600e-01 2 61 9.414600e+00 4.640000e+00 3.405800e+03 -6.791900e+03 0
-5.592100e+00 2.892900e+00 -3.927500e-01 -1.281600e-01 184 61 1.055900e+01 4.640000e+00 -5.263000e+02 5.081300e+02 0
-5.672900e+00 2.826400e+00 -3.871700e-01 -1.281600e-01 185 61 1.057300e+01 4.640000e+00 -5.702200e+02 5.101300e+02 0
0 0 -1.500000e-01 -9.612300e-02 1 62 1.016600e+01 4.640000e+00 2167 -3.612800e+03 0
6.548100e-01 8.869000e-01 -2.244200e-01 -9.612300e-02 33 62 9.714000e+00 4.640000e+00 1.083300e+03 7.918800e+02 0
7.293000e-01 8.745500e-01 -2.233900e-01 -9.612300e-02 34 62 9.734300e+00 4.640000e+00 1.151800e+03 7.993400e+02 0
0 0 -1.500000e-01 -6.408200e-02 1 63 1.048500e+01 4.640000e+00 2167 -3.612800e+03 0
1.091400e-03 3.490300e-02 -1.529300e-01 -6.408200e-02 2 63 1.003400e+01 4.640000e+00 3.459700e+03 -7.194600e+03 0
6.722700e-01 8.852100e-01 -2.242800e-01 -6.408200e-02 33 63 1.031100e+01 4.640000e+00 1.098500e+03 7.930200e+02 0
7.202900e-01 8.938900e-01 -2.250100e-01 -6.408200e-02 34 63 1.010500e+01 4.640000e+00 1.133300e+03 7.897800e+02 0
0 0 -1.500000e-01 -3.204100e-02 1 64 1.562700e+01 4.640000e+00 2167 -3.612800e+03 0
-7.093800e-02 1.124600e-01 -1.594400e-01 -3.204100e-02 5 64 1.423100e+01 4.640000e+00 -3.087700e+03 7.719500e+03 0
-1.585200e-01 1.860900e-01 -1.656200e-01 -3.204100e-02 8 64 1.338700e+01 4.640000e+00 -1.095300e+03 2.950700e+03 0
-1.986300e-01 1.945000e-01 -1.663200e-01 -3.204100e-02 9 64 1.289200e+01 4.640000e+00 -1.158900e+03 2.755300e+03 0
-2.480100e-01 1.864600e-01 -1.656500e-01 -3.204100e-02 10 64 1.270400e+01 4.640000e+00 -1.517300e+03 2.878300e+03 0
-2.592000e-01 2.267100e-01 -1.690200e-01 -3.204100e-02 11 64 1.207900e+01 4.640000e+00 -1.004600e+03 2.257300e+03 0
-2.821100e-01 2.429200e-01 -1.703800e-01 -3.204100e-02 12 64 1.169900e+01 4.640000e+00 -9.246300e+02 2.081400e+03 0
-3.012100e-01 2.870900e-01 -1.740900e-01 -3.204100e-02 13 64 1.093800e+01 4.640000e+00 -6.540900e+02 1.746200e+03 0
-3.085800e-01 3.122800e-01 -1.762000e-01 -3.204100e-02 14 64 1.043200e+01 4.640000e+00 -5.349700e+02 1.609700e+03 0
-1.260500e-01 3.948100e-01 -1.831300e-01 -3.204100e-02 15 64 1.032700e+01 4.640000e+00 1.115700e+02 1.329600e+03 0
3.536000e-01 3.205100e-01 -1.768900e-01 -3.204100e-02 28 64 1.217500e+01 4.640000e+00 1.188700e+03 1.687300e+03 0
6.799100e-01 6.431100e-01 -2.039600e-01 -3.204100e-02 29 64 1.369000e+01 4.640000e+00 1.286800e+03 9.616200e+02 0
6.725500e-01 7.403100e-01 -2.121200e-01 -3.204100e-02 30 64 1.463200e+01 4.640000e+00 1.189800e+03 8.785500e+02 0
6.793700e-01 7.972300e-01 -2.169000e-01 -3.204100e-02 31 64 1.479900e+01 4.640000e+00 1.155900e+03 8.409000e+02 0
6.766400e-01 8.288500e-01 -2.195500e-01 -3.204100e-02 32 64 1.427000e+01 4.640000e+00 1.133500e+03 8.223600e+02 0
6.810000e-01 8.694000e-01 -2.229500e-01 -3.204100e-02 33 64 1.282200e+01 4.640000e+00 1.114100e+03 8.009600e+02 0
-8.021400e-01 8.968200e-01 -2.252500e-01 -3.204100e-02 36 64 1.064200e+01 4.640000e+00 -3.525100e+01 7.618800e+02 0
-8.250600e-01 8.869000e-01 -2.244200e-01 -3.204100e-02 37 64 1.112300e+01 4.640000e+00 -6.054800e+01 7.656200e+02 0
-8.580800e-01 8.454200e-01 -2.209400e-01 -3.204100e-02 38 64 1.085000e+01 4.640000e+00 -1.249000e+02 7.833200e+02 0
